"date","principales_sources","n"
"1380","Bibliothèque nationale de France",1
"1519","Autre",2
"1537","Bibliothèque nationale de France",1
"1538","Autre",1
"1542","Bibliothèque nationale de France",1
"1544","Bibliothèque nationale de France",1
"1545","Bibliothèque nationale de France",1
"1546","Bibliothèque nationale de France",1
"1547","Bibliothèque nationale de France",1
"1549","Bibliothèque nationale de France",1
"1550","Bibliothèque nationale de France",5
"1551","Autre",1
"1551","Bibliothèque nationale de France",3
"1552","Bibliothèque nationale de France",6
"1554","Bibliothèque nationale de France",1
"1556","Bibliothèque nationale de France",2
"1557","Bibliothèque nationale de France",1
"1559","Bibliothèque nationale de France",1
"1561","Bibliothèque nationale de France",1
"1562","Bibliothèque nationale de France",4
"1563","Bibliothèque nationale de France",6
"1564","Bibliothèque nationale de France",1
"1566","Bibliothèque nationale de France",5
"1567","Bibliothèque nationale de France",10
"1568","Bibliothèque nationale de France",1
"1569","Bibliothèque nationale de France",5
"1570","Bibliothèque nationale de France",2
"1571","Bibliothèque nationale de France",2
"1572","Bibliothèque nationale de France",2
"1573","Autre",1
"1573","Bibliothèque nationale de France",2
"1574","Autre",2
"1574","Bibliothèque nationale de France",2
"1576","Autre",1
"1576","Bibliothèque nationale de France",1
"1578","Bibliothèque nationale de France",1
"1580","Bibliothèque nationale de France",1
"1581","Bibliothèque nationale de France",11
"1582","Bibliothèque nationale de France",1
"1583","Bibliothèque nationale de France",1
"1584","Bibliothèque nationale de France",1
"1585","Autre",1
"1585","Bibliothèque nationale de France",3
"1586","Autre",1
"1586","Bibliothèque nationale de France",1
"1587","Bibliothèque nationale de France",5
"1588","Autre",2
"1588","Bibliothèque nationale de France",6
"1589","Bibliothèque nationale de France",18
"1590","Bibliothèque nationale de France",8
"1591","Bibliothèque nationale de France",1
"1592","Bibliothèque nationale de France",1
"1593","Bibliothèque nationale de France",3
"1595","Autre",1
"1595","Bibliothèque nationale de France",4
"1596","Autre",1
"1596","Bibliothèque nationale de France",4
"1597","Bibliothèque nationale de France",11
"1598","Bibliothèque nationale de France",1
"1599","Autre",1
"1599","Bibliothèque Carré d'art / Nîmes",1
"1599","Bibliothèque nationale de France",2
"1600","Autre",3
"1600","Bibliothèque Carré d'art / Nîmes",1
"1600","Bibliothèque nationale de France",3
"1601","Bibliothèque nationale de France",24
"1602","Autre",2
"1602","Bibliothèque nationale de France",37
"1603","Bibliothèque nationale de France",19
"1604","Bibliothèque nationale de France",40
"1605","Bibliothèque nationale de France",29
"1606","Bibliothèque nationale de France",27
"1607","Bibliothèque nationale de France",38
"1608","Bibliothèque nationale de France",52
"1609","Autre",3
"1609","Bibliothèque nationale de France",74
"1610","Bibliothèque nationale de France",83
"1611","Autre",2
"1611","Bibliothèque nationale de France",57
"1612","Autre",1
"1612","Bibliothèque nationale de France",49
"1613","Autre",1
"1613","Bibliothèque nationale de France",31
"1614","Autre",1
"1614","Bibliothèque Carré d'art / Nîmes",1
"1614","Bibliothèque nationale de France",42
"1615","Autre",1
"1615","Bibliothèque nationale de France",58
"1616","Autre",2
"1616","Bibliothèque nationale de France",78
"1617","Autre",5
"1617","Bibliothèque nationale de France",106
"1618","Bibliothèque nationale de France",41
"1619","Autre",1
"1619","Bibliothèque nationale de France",62
"1620","Bibliothèque Carré d'art / Nîmes",1
"1620","Bibliothèque nationale de France",109
"1621","Bibliothèque Carré d'art / Nîmes",3
"1621","Bibliothèque nationale de France",82
"1622","Bibliothèque nationale de France",80
"1623","Autre",1
"1623","Bibliothèque nationale de France",64
"1623","Institut catholique de Paris",1
"1624","Autre",1
"1624","Bibliothèque nationale de France",72
"1625","Bibliothèque nationale de France",63
"1626","Bibliothèque Carré d'art / Nîmes",1
"1626","Bibliothèque nationale de France",129
"1627","Autre",1
"1627","Bibliothèque nationale de France",142
"1628","Autre",5
"1628","Bibliothèque nationale de France",74
"1629","Bibliothèque nationale de France",79
"1630","Bibliothèque Carré d'art / Nîmes",2
"1630","Bibliothèque nationale de France",76
"1631","Bibliothèque nationale de France",56
"1631","Institut catholique de Paris",1
"1632","Bibliothèque nationale de France",72
"1633","Autre",1
"1633","Bibliothèque nationale de France",109
"1634","Autre",1
"1634","Bibliothèque nationale de France",122
"1634","Institut catholique de Paris",1
"1635","Bibliothèque nationale de France",142
"1636","Bibliothèque Carré d'art / Nîmes",1
"1636","Bibliothèque nationale de France",139
"1637","Autre",1
"1637","Bibliothèque nationale de France",58
"1638","Bibliothèque nationale de France",57
"1639","Autre",5
"1639","Bibliothèque nationale de France",80
"1640","Bibliothèque nationale de France",70
"1641","Bibliothèque nationale de France",49
"1642","Bibliothèque nationale de France",50
"1643","Bibliothèque nationale de France",81
"1644","Bibliothèque nationale de France",49
"1644","Institut catholique de Paris",1
"1645","Autre",1
"1645","Bibliothèque nationale de France",55
"1646","Autre",1
"1646","Bibliothèque nationale de France",34
"1647","Autre",2
"1647","Bibliothèque nationale de France",40
"1648","Bibliothèque nationale de France",41
"1649","Bibliothèque nationale de France",307
"1649","Institut catholique de Paris",4
"1650","Autre",2
"1650","Bibliothèque nationale de France",82
"1651","Autre",2
"1651","Bibliothèque nationale de France",77
"1651","Institut catholique de Paris",1
"1652","Autre",2
"1652","Bibliothèque nationale de France",100
"1653","Bibliothèque Carré d'art / Nîmes",1
"1653","Bibliothèque nationale de France",40
"1654","Autre",2
"1654","Bibliothèque nationale de France",48
"1655","Bibliothèque nationale de France",38
"1656","Bibliothèque Carré d'art / Nîmes",1
"1656","Bibliothèque nationale de France",39
"1657","Autre",1
"1657","Bibliothèque nationale de France",43
"1658","Autre",1
"1658","Bibliothèque Carré d'art / Nîmes",1
"1658","Bibliothèque nationale de France",24
"1659","Bibliothèque Carré d'art / Nîmes",2
"1659","Bibliothèque nationale de France",41
"1660","Bibliothèque nationale de France",67
"1661","Autre",5
"1661","Bibliothèque nationale de France",50
"1662","Bibliothèque Carré d'art / Nîmes",3
"1662","Bibliothèque nationale de France",36
"1663","Bibliothèque Carré d'art / Nîmes",2
"1663","Bibliothèque nationale de France",49
"1664","Autre",1
"1664","Bibliothèque nationale de France",55
"1665","Autre",1
"1665","Bibliothèque nationale de France",41
"1666","Autre",1
"1666","Bibliothèque Carré d'art / Nîmes",2
"1666","Bibliothèque nationale de France",48
"1666","Institut catholique de Paris",3
"1667","Autre",16
"1667","Bibliothèque nationale de France",38
"1668","Autre",1
"1668","Bibliothèque nationale de France",54
"1669","Autre",1
"1669","Bibliothèque Carré d'art / Nîmes",1
"1669","Bibliothèque nationale de France",51
"1670","Bibliothèque Carré d'art / Nîmes",1
"1670","Bibliothèque nationale de France",35
"1671","Bibliothèque nationale de France",52
"1672","Bibliothèque nationale de France",49
"1673","Bibliothèque nationale de France",55
"1674","Bibliothèque nationale de France",49
"1674","Institut catholique de Paris",1
"1675","Autre",1
"1675","Bibliothèque Carré d'art / Nîmes",1
"1675","Bibliothèque nationale de France",41
"1676","Autre",3
"1676","Bibliothèque nationale de France",33
"1677","Bibliothèque nationale de France",46
"1678","Autre",1
"1678","Bibliothèque nationale de France",42
"1679","Bibliothèque nationale de France",44
"1680","Bibliothèque Carré d'art / Nîmes",5
"1680","Bibliothèque nationale de France",43
"1681","Bibliothèque Carré d'art / Nîmes",1
"1681","Bibliothèque nationale de France",33
"1682","Autre",1
"1682","Bibliothèque Carré d'art / Nîmes",3
"1682","Bibliothèque nationale de France",38
"1683","Autre",1
"1683","Bibliothèque nationale de France",60
"1684","Autre",1
"1684","Bibliothèque Carré d'art / Nîmes",3
"1684","Bibliothèque nationale de France",52
"1684","Institut catholique de Paris",2
"1685","Bibliothèque nationale de France",64
"1686","Bibliothèque nationale de France",54
"1686","Institut catholique de Paris",4
"1687","Autre",2
"1687","Bibliothèque nationale de France",55
"1688","Bibliothèque Carré d'art / Nîmes",1
"1688","Bibliothèque nationale de France",69
"1689","Autre",2
"1689","Bibliothèque Carré d'art / Nîmes",1
"1689","Bibliothèque nationale de France",47
"1690","Autre",1
"1690","Bibliothèque Carré d'art / Nîmes",2
"1690","Bibliothèque nationale de France",73
"1691","Autre",5
"1691","Bibliothèque Carré d'art / Nîmes",1
"1691","Bibliothèque nationale de France",61
"1692","Bibliothèque Carré d'art / Nîmes",5
"1692","Bibliothèque nationale de France",48
"1693","Autre",6
"1693","Bibliothèque Carré d'art / Nîmes",5
"1693","Bibliothèque nationale de France",98
"1694","Autre",4
"1694","Bibliothèque Carré d'art / Nîmes",5
"1694","Bibliothèque nationale de France",60
"1695","Autre",3
"1695","Bibliothèque Carré d'art / Nîmes",3
"1695","Bibliothèque nationale de France",43
"1696","Bibliothèque Carré d'art / Nîmes",1
"1696","Bibliothèque nationale de France",79
"1697","Autre",1
"1697","Bibliothèque Carré d'art / Nîmes",4
"1697","Bibliothèque nationale de France",68
"1697","Institut catholique de Paris",2
"1698","Autre",1
"1698","Bibliothèque Carré d'art / Nîmes",2
"1698","Bibliothèque nationale de France",67
"1699","Autre",3
"1699","Bibliothèque Carré d'art / Nîmes",7
"1699","Bibliothèque nationale de France",80
"1700","Autre",1
"1700","Bibliothèque Carré d'art / Nîmes",10
"1700","Bibliothèque nationale de France",93
"1700","Institut catholique de Paris",1
"1701","Autre",5
"1701","Bibliothèque Carré d'art / Nîmes",2
"1701","Bibliothèque nationale de France",70
"1702","Bibliothèque nationale de France",59
"1702","Institut catholique de Paris",3
"1703","Bibliothèque Carré d'art / Nîmes",1
"1703","Bibliothèque nationale de France",54
"1703","Institut catholique de Paris",1
"1704","Bibliothèque nationale de France",65
"1705","Bibliothèque nationale de France",65
"1706","Bibliothèque nationale de France",39
"1706","Institut catholique de Paris",1
"1707","Bibliothèque Carré d'art / Nîmes",1
"1707","Bibliothèque nationale de France",65
"1708","Autre",1
"1708","Bibliothèque Carré d'art / Nîmes",1
"1708","Bibliothèque nationale de France",51
"1709","Bibliothèque nationale de France",57
"1710","Autre",1
"1710","Bibliothèque nationale de France",60
"1711","Bibliothèque Carré d'art / Nîmes",2
"1711","Bibliothèque nationale de France",34
"1711","Institut catholique de Paris",2
"1712","Bibliothèque nationale de France",69
"1713","Bibliothèque Carré d'art / Nîmes",1
"1713","Bibliothèque nationale de France",52
"1714","Autre",4
"1714","Bibliothèque nationale de France",90
"1715","Autre",3
"1715","Bibliothèque Carré d'art / Nîmes",3
"1715","Bibliothèque nationale de France",89
"1716","Bibliothèque Carré d'art / Nîmes",1
"1716","Bibliothèque nationale de France",109
"1716","Institut catholique de Paris",2
"1717","Autre",5
"1717","Bibliothèque nationale de France",82
"1718","Autre",1
"1718","Bibliothèque Carré d'art / Nîmes",3
"1718","Bibliothèque nationale de France",108
"1719","Bibliothèque Carré d'art / Nîmes",1
"1719","Bibliothèque de l'INHA / coll. J. Doucet",1
"1719","Bibliothèque nationale de France",175
"1720","Bibliothèque Carré d'art / Nîmes",2
"1720","Bibliothèque nationale de France",111
"1721","Autre",3
"1721","Bibliothèque Carré d'art / Nîmes",3
"1721","Bibliothèque nationale de France",103
"1722","Bibliothèque Carré d'art / Nîmes",2
"1722","Bibliothèque nationale de France",99
"1723","Bibliothèque nationale de France",117
"1724","Autre",3
"1724","Bibliothèque nationale de France",144
"1725","Autre",3
"1725","Bibliothèque nationale de France",136
"1726","Bibliothèque nationale de France",73
"1727","Bibliothèque Carré d'art / Nîmes",1
"1727","Bibliothèque nationale de France",121
"1728","Autre",3
"1728","Bibliothèque nationale de France",117
"1729","Autre",2
"1729","Bibliothèque Carré d'art / Nîmes",1
"1729","Bibliothèque nationale de France",165
"1730","Autre",2
"1730","Bibliothèque de l'INHA / coll. J. Doucet",1
"1730","Bibliothèque nationale de France",104
"1730","Institut catholique de Paris",3
"1731","Bibliothèque Carré d'art / Nîmes",3
"1731","Bibliothèque nationale de France",137
"1732","Bibliothèque Carré d'art / Nîmes",2
"1732","Bibliothèque nationale de France",111
"1733","Autre",2
"1733","Bibliothèque Carré d'art / Nîmes",3
"1733","Bibliothèque nationale de France",134
"1734","Autre",5
"1734","Bibliothèque Carré d'art / Nîmes",4
"1734","Bibliothèque nationale de France",170
"1735","Autre",3
"1735","Bibliothèque nationale de France",172
"1736","Autre",1
"1736","Bibliothèque Carré d'art / Nîmes",6
"1736","Bibliothèque nationale de France",154
"1737","Autre",3
"1737","Bibliothèque nationale de France",228
"1738","Autre",1
"1738","Bibliothèque nationale de France",175
"1739","Autre",4
"1739","Bibliothèque Carré d'art / Nîmes",1
"1739","Bibliothèque nationale de France",158
"1740","Autre",2
"1740","Bibliothèque nationale de France",159
"1741","Autre",4
"1741","Bibliothèque Carré d'art / Nîmes",1
"1741","Bibliothèque nationale de France",150
"1742","Autre",9
"1742","Bibliothèque Carré d'art / Nîmes",2
"1742","Bibliothèque nationale de France",214
"1743","Autre",3
"1743","Bibliothèque Carré d'art / Nîmes",2
"1743","Bibliothèque nationale de France",190
"1744","Bibliothèque Carré d'art / Nîmes",1
"1744","Bibliothèque nationale de France",308
"1745","Autre",3
"1745","Bibliothèque nationale de France",294
"1746","Autre",1
"1746","Bibliothèque Carré d'art / Nîmes",2
"1746","Bibliothèque nationale de France",236
"1747","Autre",7
"1747","Bibliothèque Carré d'art / Nîmes",1
"1747","Bibliothèque nationale de France",282
"1748","Autre",4
"1748","Bibliothèque Carré d'art / Nîmes",3
"1748","Bibliothèque nationale de France",238
"1749","Autre",2
"1749","Bibliothèque Carré d'art / Nîmes",2
"1749","Bibliothèque nationale de France",222
"1750","Autre",2
"1750","Bibliothèque Carré d'art / Nîmes",6
"1750","Bibliothèque nationale de France",313
"1751","Autre",4
"1751","Bibliothèque Carré d'art / Nîmes",1
"1751","Bibliothèque nationale de France",309
"1752","Autre",2
"1752","Bibliothèque Carré d'art / Nîmes",1
"1752","Bibliothèque nationale de France",256
"1753","Autre",9
"1753","Bibliothèque nationale de France",270
"1754","Autre",3
"1754","Bibliothèque Carré d'art / Nîmes",2
"1754","Bibliothèque nationale de France",327
"1755","Autre",1
"1755","Bibliothèque Carré d'art / Nîmes",2
"1755","Bibliothèque nationale de France",297
"1756","Autre",6
"1756","Bibliothèque Carré d'art / Nîmes",3
"1756","Bibliothèque nationale de France",345
"1757","Autre",10
"1757","Bibliothèque Carré d'art / Nîmes",3
"1757","Bibliothèque de l'INHA / coll. J. Doucet",1
"1757","Bibliothèque nationale de France",307
"1758","Autre",2
"1758","Bibliothèque Carré d'art / Nîmes",2
"1758","Bibliothèque nationale de France",332
"1759","Autre",3
"1759","Bibliothèque Carré d'art / Nîmes",1
"1759","Bibliothèque de l'INHA / coll. J. Doucet",1
"1759","Bibliothèque nationale de France",386
"1760","Autre",1
"1760","Bibliothèque Carré d'art / Nîmes",2
"1760","Bibliothèque nationale de France",311
"1761","Autre",4
"1761","Bibliothèque Carré d'art / Nîmes",4
"1761","Bibliothèque nationale de France",363
"1762","Autre",9
"1762","Bibliothèque Carré d'art / Nîmes",3
"1762","Bibliothèque nationale de France",349
"1763","Autre",3
"1763","Bibliothèque Carré d'art / Nîmes",15
"1763","Bibliothèque nationale de France",377
"1764","Autre",6
"1764","Bibliothèque Carré d'art / Nîmes",2
"1764","Bibliothèque de l'INHA / coll. J. Doucet",1
"1764","Bibliothèque nationale de France",311
"1765","Autre",4
"1765","Bibliothèque Carré d'art / Nîmes",3
"1765","Bibliothèque nationale de France",303
"1766","Autre",3
"1766","Bibliothèque Carré d'art / Nîmes",5
"1766","Bibliothèque de l'INHA / coll. J. Doucet",1
"1766","Bibliothèque nationale de France",291
"1767","Autre",4
"1767","Bibliothèque Carré d'art / Nîmes",1
"1767","Bibliothèque H. Ey. C.H. de Sainte-Anne",1
"1767","Bibliothèque nationale de France",269
"1768","Autre",2
"1768","Bibliothèque Carré d'art / Nîmes",3
"1768","Bibliothèque nationale de France",370
"1769","Autre",3
"1769","Bibliothèque Carré d'art / Nîmes",3
"1769","Bibliothèque de l'INHA / coll. J. Doucet",2
"1769","Bibliothèque nationale de France",307
"1770","Autre",4
"1770","Bibliothèque Carré d'art / Nîmes",3
"1770","Bibliothèque de l'INHA / coll. J. Doucet",1
"1770","Bibliothèque nationale de France",360
"1771","Autre",8
"1771","Bibliothèque Carré d'art / Nîmes",1
"1771","Bibliothèque de l'INHA / coll. J. Doucet",2
"1771","Bibliothèque nationale de France",319
"1772","Autre",10
"1772","Bibliothèque Carré d'art / Nîmes",4
"1772","Bibliothèque de l'INHA / coll. J. Doucet",1
"1772","Bibliothèque nationale de France",426
"1773","Autre",5
"1773","Bibliothèque Carré d'art / Nîmes",4
"1773","Bibliothèque nationale de France",287
"1774","Autre",3
"1774","Bibliothèque Carré d'art / Nîmes",9
"1774","Bibliothèque nationale de France",379
"1775","Autre",7
"1775","Bibliothèque Carré d'art / Nîmes",6
"1775","Bibliothèque nationale de France",533
"1776","Autre",6
"1776","Bibliothèque Carré d'art / Nîmes",2
"1776","Bibliothèque de l'INHA / coll. J. Doucet",1
"1776","Bibliothèque nationale de France",430
"1777","Autre",18
"1777","Bibliothèque Carré d'art / Nîmes",2
"1777","Bibliothèque nationale de France",416
"1778","Autre",7
"1778","Bibliothèque Carré d'art / Nîmes",3
"1778","Bibliothèque de l'INHA / coll. J. Doucet",2
"1778","Bibliothèque nationale de France",360
"1779","Autre",4
"1779","Bibliothèque Carré d'art / Nîmes",4
"1779","Bibliothèque nationale de France",464
"1780","Autre",6
"1780","Bibliothèque Carré d'art / Nîmes",8
"1780","Bibliothèque de l'INHA / coll. J. Doucet",3
"1780","Bibliothèque nationale de France",434
"1781","Autre",16
"1781","Bibliothèque Carré d'art / Nîmes",3
"1781","Bibliothèque nationale de France",397
"1782","Autre",14
"1782","Bibliothèque Carré d'art / Nîmes",1
"1782","Bibliothèque nationale de France",387
"1783","Autre",16
"1783","Bibliothèque Carré d'art / Nîmes",1
"1783","Bibliothèque nationale de France",387
"1784","Autre",13
"1784","Bibliothèque Carré d'art / Nîmes",5
"1784","Bibliothèque nationale de France",429
"1785","Autre",9
"1785","Bibliothèque Carré d'art / Nîmes",1
"1785","Bibliothèque nationale de France",400
"1785","Ville de Paris / Fonds Heure joyeuse",41
"1786","Autre",15
"1786","Bibliothèque Carré d'art / Nîmes",2
"1786","Bibliothèque nationale de France",405
"1787","Autre",20
"1787","Bibliothèque Carré d'art / Nîmes",5
"1787","Bibliothèque de l'INHA / coll. J. Doucet",7
"1787","Bibliothèque nationale de France",532
"1788","Autre",16
"1788","Bibliothèque Carré d'art / Nîmes",12
"1788","Bibliothèque H. Ey. C.H. de Sainte-Anne",1
"1788","Bibliothèque nationale de France",597
"1789","Autre",31
"1789","Bibliothèque Carré d'art / Nîmes",14
"1789","Bibliothèque nationale de France",1473
"1789","Institut catholique de Paris",1
"1790","Autre",34
"1790","Bibliothèque Carré d'art / Nîmes",32
"1790","Bibliothèque nationale de France",1580
"1790","Institut catholique de Paris",2
"1791","Autre",58
"1791","Bibliothèque Carré d'art / Nîmes",9
"1791","Bibliothèque de l'INHA / coll. J. Doucet",2
"1791","Bibliothèque nationale de France",1086
"1791","Institut catholique de Paris",2
"1792","Autre",11
"1792","Bibliothèque Carré d'art / Nîmes",6
"1792","Bibliothèque nationale de France",906
"1792","Institut catholique de Paris",1
"1793","Autre",44
"1793","Bibliothèque Carré d'art / Nîmes",13
"1793","Bibliothèque de l'INHA / coll. J. Doucet",3
"1793","Bibliothèque nationale de France",1119
"1794","Autre",4
"1794","Bibliothèque Carré d'art / Nîmes",4
"1794","Bibliothèque de l'INHA / coll. J. Doucet",3
"1794","Bibliothèque nationale de France",783
"1795","Autre",7
"1795","Bibliothèque Carré d'art / Nîmes",5
"1795","Bibliothèque de l'INHA / coll. J. Doucet",2
"1795","Bibliothèque nationale de France",587
"1796","Autre",9
"1796","Bibliothèque Carré d'art / Nîmes",3
"1796","Bibliothèque de l'INHA / coll. J. Doucet",2
"1796","Bibliothèque nationale de France",486
"1797","Autre",11
"1797","Bibliothèque Carré d'art / Nîmes",6
"1797","Bibliothèque de l'INHA / coll. J. Doucet",3
"1797","Bibliothèque nationale de France",839
"1798","Autre",20
"1798","Bibliothèque Carré d'art / Nîmes",3
"1798","Bibliothèque nationale de France",771
"1799","Autre",15
"1799","Bibliothèque Carré d'art / Nîmes",3
"1799","Bibliothèque nationale de France",750
"1800","Autre",17
"1800","Bibliothèque Carré d'art / Nîmes",13
"1800","Bibliothèque de l'INHA / coll. J. Doucet",2
"1800","Bibliothèque H. Ey. C.H. de Sainte-Anne",2
"1800","Bibliothèque nationale de France",476
"1800","Institut catholique de Paris",1
"1801","Autre",12
"1801","Bibliothèque Carré d'art / Nîmes",3
"1801","Bibliothèque de l'INHA / coll. J. Doucet",2
"1801","Bibliothèque nationale de France",590
"1802","Autre",18
"1802","Bibliothèque Carré d'art / Nîmes",7
"1802","Bibliothèque de l'INHA / coll. J. Doucet",15
"1802","Bibliothèque H. Ey. C.H. de Sainte-Anne",1
"1802","Bibliothèque nationale de France",660
"1802","Institut catholique de Paris",1
"1803","Autre",17
"1803","Bibliothèque Carré d'art / Nîmes",6
"1803","Bibliothèque de l'INHA / coll. J. Doucet",3
"1803","Bibliothèque H. Ey. C.H. de Sainte-Anne",2
"1803","Bibliothèque nationale de France",628
"1804","Autre",15
"1804","Bibliothèque Carré d'art / Nîmes",2
"1804","Bibliothèque de l'INHA / coll. J. Doucet",4
"1804","Bibliothèque H. Ey. C.H. de Sainte-Anne",2
"1804","Bibliothèque nationale de France",560
"1805","Autre",8
"1805","Bibliothèque Carré d'art / Nîmes",2
"1805","Bibliothèque de l'INHA / coll. J. Doucet",7
"1805","Bibliothèque H. Ey. C.H. de Sainte-Anne",2
"1805","Bibliothèque nationale de France",434
"1806","Autre",19
"1806","Bibliothèque Carré d'art / Nîmes",4
"1806","Bibliothèque de l'INHA / coll. J. Doucet",1
"1806","Bibliothèque H. Ey. C.H. de Sainte-Anne",1
"1806","Bibliothèque nationale de France",492
"1806","Ville de Paris / Fonds Heure joyeuse",2
"1807","Autre",31
"1807","Bibliothèque Carré d'art / Nîmes",7
"1807","Bibliothèque de l'INHA / coll. J. Doucet",3
"1807","Bibliothèque H. Ey. C.H. de Sainte-Anne",5
"1807","Bibliothèque nationale de France",401
"1808","Autre",17
"1808","Bibliothèque Carré d'art / Nîmes",1
"1808","Bibliothèque de l'INHA / coll. J. Doucet",1
"1808","Bibliothèque nationale de France",400
"1809","Autre",10
"1809","Bibliothèque Carré d'art / Nîmes",8
"1809","Bibliothèque de l'INHA / coll. J. Doucet",1
"1809","Bibliothèque H. Ey. C.H. de Sainte-Anne",3
"1809","Bibliothèque nationale de France",291
"1810","Autre",14
"1810","Bibliothèque Carré d'art / Nîmes",1
"1810","Bibliothèque de l'INHA / coll. J. Doucet",7
"1810","Bibliothèque H. Ey. C.H. de Sainte-Anne",3
"1810","Bibliothèque nationale de France",482
"1810","Ville de Paris / Fonds Heure joyeuse",1
"1811","Autre",11
"1811","Bibliothèque Carré d'art / Nîmes",5
"1811","Bibliothèque de l'INHA / coll. J. Doucet",5
"1811","Bibliothèque H. Ey. C.H. de Sainte-Anne",3
"1811","Bibliothèque nationale de France",571
"1812","Autre",19
"1812","Bibliothèque Carré d'art / Nîmes",6
"1812","Bibliothèque de l'INHA / coll. J. Doucet",1
"1812","Bibliothèque nationale de France",568
"1813","Autre",19
"1813","Bibliothèque Carré d'art / Nîmes",2
"1813","Bibliothèque de l'INHA / coll. J. Doucet",1
"1813","Bibliothèque H. Ey. C.H. de Sainte-Anne",6
"1813","Bibliothèque nationale de France",535
"1814","Autre",11
"1814","Bibliothèque Carré d'art / Nîmes",7
"1814","Bibliothèque de l'INHA / coll. J. Doucet",5
"1814","Bibliothèque nationale de France",945
"1815","Autre",6
"1815","Bibliothèque Carré d'art / Nîmes",3
"1815","Bibliothèque de l'INHA / coll. J. Doucet",5
"1815","Bibliothèque nationale de France",1213
"1815","Ville de Paris / Fonds Heure joyeuse",1
"1816","Autre",31
"1816","Bibliothèque Carré d'art / Nîmes",4
"1816","Bibliothèque de l'INHA / coll. J. Doucet",8
"1816","Bibliothèque H. Ey. C.H. de Sainte-Anne",3
"1816","Bibliothèque nationale de France",967
"1817","Autre",37
"1817","Bibliothèque Carré d'art / Nîmes",1
"1817","Bibliothèque de l'INHA / coll. J. Doucet",4
"1817","Bibliothèque nationale de France",971
"1818","Autre",25
"1818","Bibliothèque Carré d'art / Nîmes",11
"1818","Bibliothèque de l'INHA / coll. J. Doucet",10
"1818","Bibliothèque H. Ey. C.H. de Sainte-Anne",1
"1818","Bibliothèque nationale de France",1128
"1819","Autre",14
"1819","Bibliothèque Carré d'art / Nîmes",10
"1819","Bibliothèque de l'INHA / coll. J. Doucet",8
"1819","Bibliothèque H. Ey. C.H. de Sainte-Anne",1
"1819","Bibliothèque nationale de France",1030
"1819","Ville de Paris / Fonds Heure joyeuse",1
"1820","Autre",18
"1820","Bibliothèque Carré d'art / Nîmes",4
"1820","Bibliothèque de l'INHA / coll. J. Doucet",7
"1820","Bibliothèque H. Ey. C.H. de Sainte-Anne",1
"1820","Bibliothèque nationale de France",1229
"1820","Institut catholique de Paris",1
"1820","Ville de Paris / Fonds Heure joyeuse",3
"1821","Autre",14
"1821","Bibliothèque Carré d'art / Nîmes",4
"1821","Bibliothèque de l'INHA / coll. J. Doucet",7
"1821","Bibliothèque H. Ey. C.H. de Sainte-Anne",1
"1821","Bibliothèque nationale de France",1491
"1821","Institut catholique de Paris",4
"1822","Autre",16
"1822","Bibliothèque Carré d'art / Nîmes",5
"1822","Bibliothèque de l'INHA / coll. J. Doucet",4
"1822","Bibliothèque H. Ey. C.H. de Sainte-Anne",2
"1822","Bibliothèque nationale de France",1193
"1823","Autre",13
"1823","Bibliothèque Carré d'art / Nîmes",8
"1823","Bibliothèque de l'INHA / coll. J. Doucet",4
"1823","Bibliothèque H. Ey. C.H. de Sainte-Anne",2
"1823","Bibliothèque nationale de France",1221
"1824","Autre",21
"1824","Bibliothèque Carré d'art / Nîmes",7
"1824","Bibliothèque de l'INHA / coll. J. Doucet",8
"1824","Bibliothèque nationale de France",1508
"1825","Autre",28
"1825","Bibliothèque Carré d'art / Nîmes",4
"1825","Bibliothèque de l'INHA / coll. J. Doucet",12
"1825","Bibliothèque H. Ey. C.H. de Sainte-Anne",3
"1825","Bibliothèque nationale de France",1454
"1826","Autre",27
"1826","Bibliothèque Carré d'art / Nîmes",1
"1826","Bibliothèque de l'INHA / coll. J. Doucet",6
"1826","Bibliothèque H. Ey. C.H. de Sainte-Anne",5
"1826","Bibliothèque nationale de France",1372
"1827","Autre",21
"1827","Bibliothèque Carré d'art / Nîmes",5
"1827","Bibliothèque de l'INHA / coll. J. Doucet",3
"1827","Bibliothèque H. Ey. C.H. de Sainte-Anne",2
"1827","Bibliothèque nationale de France",1299
"1828","Autre",21
"1828","Bibliothèque Carré d'art / Nîmes",6
"1828","Bibliothèque de l'INHA / coll. J. Doucet",12
"1828","Bibliothèque H. Ey. C.H. de Sainte-Anne",2
"1828","Bibliothèque nationale de France",1420
"1829","Autre",32
"1829","Bibliothèque Carré d'art / Nîmes",8
"1829","Bibliothèque de l'INHA / coll. J. Doucet",6
"1829","Bibliothèque H. Ey. C.H. de Sainte-Anne",5
"1829","Bibliothèque nationale de France",1539
"1829","Ville de Paris / Fonds Heure joyeuse",2
"1830","Autre",17
"1830","Bibliothèque Carré d'art / Nîmes",5
"1830","Bibliothèque de l'INHA / coll. J. Doucet",4
"1830","Bibliothèque H. Ey. C.H. de Sainte-Anne",5
"1830","Bibliothèque nationale de France",1746
"1830","Ville de Paris / Fonds Heure joyeuse",6
"1831","Autre",10
"1831","Bibliothèque de l'INHA / coll. J. Doucet",4
"1831","Bibliothèque nationale de France",1454
"1832","Autre",24
"1832","Bibliothèque Carré d'art / Nîmes",2
"1832","Bibliothèque de l'INHA / coll. J. Doucet",5
"1832","Bibliothèque H. Ey. C.H. de Sainte-Anne",5
"1832","Bibliothèque nationale de France",1368
"1833","Autre",28
"1833","Bibliothèque de l'INHA / coll. J. Doucet",6
"1833","Bibliothèque H. Ey. C.H. de Sainte-Anne",5
"1833","Bibliothèque nationale de France",1350
"1833","Ville de Paris / Fonds Heure joyeuse",3
"1834","Autre",34
"1834","Bibliothèque Carré d'art / Nîmes",5
"1834","Bibliothèque de l'INHA / coll. J. Doucet",11
"1834","Bibliothèque H. Ey. C.H. de Sainte-Anne",11
"1834","Bibliothèque nationale de France",1425
"1835","Autre",37
"1835","Bibliothèque Carré d'art / Nîmes",2
"1835","Bibliothèque de l'INHA / coll. J. Doucet",7
"1835","Bibliothèque H. Ey. C.H. de Sainte-Anne",1
"1835","Bibliothèque nationale de France",1267
"1836","Autre",34
"1836","Bibliothèque Carré d'art / Nîmes",2
"1836","Bibliothèque de l'INHA / coll. J. Doucet",20
"1836","Bibliothèque H. Ey. C.H. de Sainte-Anne",7
"1836","Bibliothèque nationale de France",1314
"1836","Ville de Paris / Fonds Heure joyeuse",8
"1837","Autre",37
"1837","Bibliothèque Carré d'art / Nîmes",4
"1837","Bibliothèque de l'INHA / coll. J. Doucet",17
"1837","Bibliothèque H. Ey. C.H. de Sainte-Anne",2
"1837","Bibliothèque nationale de France",1312
"1837","Ville de Paris / Fonds Heure joyeuse",2
"1838","Autre",47
"1838","Bibliothèque Carré d'art / Nîmes",2
"1838","Bibliothèque de l'INHA / coll. J. Doucet",17
"1838","Bibliothèque H. Ey. C.H. de Sainte-Anne",3
"1838","Bibliothèque nationale de France",1560
"1838","Ville de Paris / Fonds Heure joyeuse",1
"1839","Autre",40
"1839","Bibliothèque Carré d'art / Nîmes",7
"1839","Bibliothèque de l'INHA / coll. J. Doucet",10
"1839","Bibliothèque H. Ey. C.H. de Sainte-Anne",11
"1839","Bibliothèque nationale de France",1580
"1839","Institut catholique de Paris",2
"1840","Autre",33
"1840","Bibliothèque Carré d'art / Nîmes",4
"1840","Bibliothèque de l'INHA / coll. J. Doucet",15
"1840","Bibliothèque H. Ey. C.H. de Sainte-Anne",9
"1840","Bibliothèque nationale de France",1621
"1840","Ville de Paris / Fonds Heure joyeuse",3
"1841","Autre",32
"1841","Bibliothèque Carré d'art / Nîmes",9
"1841","Bibliothèque de l'INHA / coll. J. Doucet",17
"1841","Bibliothèque H. Ey. C.H. de Sainte-Anne",5
"1841","Bibliothèque nationale de France",1678
"1842","Autre",44
"1842","Bibliothèque Carré d'art / Nîmes",8
"1842","Bibliothèque de l'INHA / coll. J. Doucet",13
"1842","Bibliothèque H. Ey. C.H. de Sainte-Anne",3
"1842","Bibliothèque nationale de France",1808
"1842","Ville de Paris / Fonds Heure joyeuse",3
"1843","Autre",41
"1843","Bibliothèque Carré d'art / Nîmes",3
"1843","Bibliothèque de l'INHA / coll. J. Doucet",6
"1843","Bibliothèque H. Ey. C.H. de Sainte-Anne",3
"1843","Bibliothèque nationale de France",1626
"1843","Ville de Paris / Fonds Heure joyeuse",3
"1844","Autre",41
"1844","Bibliothèque Carré d'art / Nîmes",4
"1844","Bibliothèque de l'INHA / coll. J. Doucet",18
"1844","Bibliothèque H. Ey. C.H. de Sainte-Anne",1
"1844","Bibliothèque nationale de France",1764
"1844","Ville de Paris / Fonds Heure joyeuse",3
"1845","Autre",42
"1845","Bibliothèque Carré d'art / Nîmes",1
"1845","Bibliothèque de l'INHA / coll. J. Doucet",15
"1845","Bibliothèque H. Ey. C.H. de Sainte-Anne",5
"1845","Bibliothèque nationale de France",1826
"1845","Institut catholique de Paris",2
"1845","Ville de Paris / Fonds Heure joyeuse",5
"1846","Autre",41
"1846","Bibliothèque Carré d'art / Nîmes",11
"1846","Bibliothèque de l'INHA / coll. J. Doucet",14
"1846","Bibliothèque H. Ey. C.H. de Sainte-Anne",2
"1846","Bibliothèque nationale de France",1649
"1846","Ville de Paris / Fonds Heure joyeuse",5
"1847","Autre",36
"1847","Bibliothèque Carré d'art / Nîmes",5
"1847","Bibliothèque de l'INHA / coll. J. Doucet",23
"1847","Bibliothèque H. Ey. C.H. de Sainte-Anne",6
"1847","Bibliothèque nationale de France",1776
"1847","Institut catholique de Paris",1
"1847","Ville de Paris / Fonds Heure joyeuse",3
"1848","Autre",29
"1848","Bibliothèque Carré d'art / Nîmes",6
"1848","Bibliothèque de l'INHA / coll. J. Doucet",11
"1848","Bibliothèque nationale de France",2598
"1848","Institut catholique de Paris",1
"1848","Service historique de la Défense",1
"1848","Ville de Paris / Fonds Heure joyeuse",2
"1849","Autre",32
"1849","Bibliothèque Carré d'art / Nîmes",3
"1849","Bibliothèque de l'INHA / coll. J. Doucet",7
"1849","Bibliothèque H. Ey. C.H. de Sainte-Anne",7
"1849","Bibliothèque nationale de France",1795
"1849","Ville de Paris / Fonds Heure joyeuse",3
"1850","Autre",38
"1850","Bibliothèque Carré d'art / Nîmes",5
"1850","Bibliothèque de l'INHA / coll. J. Doucet",12
"1850","Bibliothèque H. Ey. C.H. de Sainte-Anne",2
"1850","Bibliothèque nationale de France",1879
"1850","Ville de Paris / Fonds Heure joyeuse",6
"1851","Autre",33
"1851","Bibliothèque Carré d'art / Nîmes",3
"1851","Bibliothèque de l'INHA / coll. J. Doucet",13
"1851","Bibliothèque H. Ey. C.H. de Sainte-Anne",5
"1851","Bibliothèque nationale de France",1842
"1851","Ville de Paris / Fonds Heure joyeuse",5
"1852","Autre",35
"1852","Bibliothèque Carré d'art / Nîmes",4
"1852","Bibliothèque de l'INHA / coll. J. Doucet",13
"1852","Bibliothèque H. Ey. C.H. de Sainte-Anne",6
"1852","Bibliothèque nationale de France",1891
"1852","Ville de Paris / Fonds Heure joyeuse",7
"1853","Autre",52
"1853","Bibliothèque Carré d'art / Nîmes",7
"1853","Bibliothèque de l'INHA / coll. J. Doucet",14
"1853","Bibliothèque H. Ey. C.H. de Sainte-Anne",1
"1853","Bibliothèque nationale de France",2368
"1853","Institut catholique de Paris",1
"1853","Ville de Paris / Fonds Heure joyeuse",6
"1854","Autre",61
"1854","Bibliothèque Carré d'art / Nîmes",5
"1854","Bibliothèque de l'INHA / coll. J. Doucet",14
"1854","Bibliothèque H. Ey. C.H. de Sainte-Anne",3
"1854","Bibliothèque nationale de France",2378
"1854","Ville de Paris / Fonds Heure joyeuse",4
"1855","Autre",63
"1855","Bibliothèque Carré d'art / Nîmes",7
"1855","Bibliothèque de l'INHA / coll. J. Doucet",18
"1855","Bibliothèque H. Ey. C.H. de Sainte-Anne",1
"1855","Bibliothèque nationale de France",2115
"1855","Service historique de la Défense",1
"1855","Ville de Paris / Fonds Heure joyeuse",3
"1856","Autre",83
"1856","Bibliothèque Carré d'art / Nîmes",10
"1856","Bibliothèque de l'INHA / coll. J. Doucet",14
"1856","Bibliothèque H. Ey. C.H. de Sainte-Anne",1
"1856","Bibliothèque nationale de France",2257
"1856","Ville de Paris / Fonds Heure joyeuse",2
"1857","Autre",64
"1857","Bibliothèque Carré d'art / Nîmes",8
"1857","Bibliothèque de l'INHA / coll. J. Doucet",13
"1857","Bibliothèque H. Ey. C.H. de Sainte-Anne",4
"1857","Bibliothèque nationale de France",2201
"1857","Institut catholique de Paris",1
"1857","Ville de Paris / Fonds Heure joyeuse",3
"1858","Autre",75
"1858","Bibliothèque Carré d'art / Nîmes",2
"1858","Bibliothèque de l'INHA / coll. J. Doucet",14
"1858","Bibliothèque H. Ey. C.H. de Sainte-Anne",3
"1858","Bibliothèque nationale de France",2307
"1858","Ville de Paris / Fonds Heure joyeuse",4
"1859","Autre",58
"1859","Bibliothèque Carré d'art / Nîmes",12
"1859","Bibliothèque de l'INHA / coll. J. Doucet",15
"1859","Bibliothèque H. Ey. C.H. de Sainte-Anne",4
"1859","Bibliothèque nationale de France",2382
"1859","Institut catholique de Paris",1
"1859","Ville de Paris / Fonds Heure joyeuse",6
"1860","Autre",72
"1860","Bibliothèque Carré d'art / Nîmes",7
"1860","Bibliothèque de l'INHA / coll. J. Doucet",26
"1860","Bibliothèque H. Ey. C.H. de Sainte-Anne",3
"1860","Bibliothèque nationale de France",2695
"1860","Institut catholique de Paris",1
"1860","Service historique de la Défense",1
"1860","Ville de Paris / Fonds Heure joyeuse",17
"1861","Autre",74
"1861","Bibliothèque Carré d'art / Nîmes",8
"1861","Bibliothèque de l'INHA / coll. J. Doucet",24
"1861","Bibliothèque H. Ey. C.H. de Sainte-Anne",2
"1861","Bibliothèque nationale de France",2716
"1861","Ville de Paris / Fonds Heure joyeuse",7
"1862","Autre",80
"1862","Bibliothèque Carré d'art / Nîmes",9
"1862","Bibliothèque de l'INHA / coll. J. Doucet",25
"1862","Bibliothèque H. Ey. C.H. de Sainte-Anne",11
"1862","Bibliothèque nationale de France",2693
"1862","Ville de Paris / Fonds Heure joyeuse",5
"1863","Autre",77
"1863","Bibliothèque Carré d'art / Nîmes",15
"1863","Bibliothèque de l'INHA / coll. J. Doucet",23
"1863","Bibliothèque H. Ey. C.H. de Sainte-Anne",6
"1863","Bibliothèque nationale de France",2685
"1863","Institut catholique de Paris",2
"1863","Ville de Paris / Fonds Heure joyeuse",7
"1864","Autre",93
"1864","Bibliothèque Carré d'art / Nîmes",7
"1864","Bibliothèque de l'INHA / coll. J. Doucet",29
"1864","Bibliothèque H. Ey. C.H. de Sainte-Anne",2
"1864","Bibliothèque nationale de France",2540
"1864","Ville de Paris / Fonds Heure joyeuse",4
"1865","Autre",100
"1865","Bibliothèque Carré d'art / Nîmes",8
"1865","Bibliothèque de l'INHA / coll. J. Doucet",23
"1865","Bibliothèque H. Ey. C.H. de Sainte-Anne",6
"1865","Bibliothèque nationale de France",2855
"1865","Institut catholique de Paris",2
"1865","Ville de Paris / Fonds Heure joyeuse",8
"1866","Autre",61
"1866","Bibliothèque Carré d'art / Nîmes",3
"1866","Bibliothèque de l'INHA / coll. J. Doucet",23
"1866","Bibliothèque H. Ey. C.H. de Sainte-Anne",6
"1866","Bibliothèque nationale de France",3007
"1866","Institut catholique de Paris",1
"1866","Ville de Paris / Fonds Heure joyeuse",9
"1867","Autre",85
"1867","Bibliothèque Carré d'art / Nîmes",9
"1867","Bibliothèque de l'INHA / coll. J. Doucet",33
"1867","Bibliothèque H. Ey. C.H. de Sainte-Anne",8
"1867","Bibliothèque nationale de France",3113
"1867","CIRAD",2
"1867","INSEE (Institut national de la statistique et des études économiques)",19
"1867","Institut catholique de Paris",1
"1867","Service historique de la Défense",1
"1867","Ville de Paris / Fonds Heure joyeuse",15
"1868","Autre",74
"1868","Bibliothèque Carré d'art / Nîmes",3
"1868","Bibliothèque de l'INHA / coll. J. Doucet",20
"1868","Bibliothèque H. Ey. C.H. de Sainte-Anne",8
"1868","Bibliothèque nationale de France",3041
"1868","INSEE (Institut national de la statistique et des études économiques)",4
"1868","Institut catholique de Paris",2
"1868","Ville de Paris / Fonds Heure joyeuse",11
"1869","Autre",73
"1869","Bibliothèque Carré d'art / Nîmes",2
"1869","Bibliothèque de l'INHA / coll. J. Doucet",21
"1869","Bibliothèque H. Ey. C.H. de Sainte-Anne",9
"1869","Bibliothèque nationale de France",3024
"1869","INSEE (Institut national de la statistique et des études économiques)",4
"1869","Institut catholique de Paris",2
"1869","Service historique de la Défense",2
"1869","Ville de Paris / Fonds Heure joyeuse",8
"1870","Autre",82
"1870","Bibliothèque Carré d'art / Nîmes",3
"1870","Bibliothèque de l'INHA / coll. J. Doucet",29
"1870","Bibliothèque H. Ey. C.H. de Sainte-Anne",5
"1870","Bibliothèque nationale de France",2512
"1870","INSEE (Institut national de la statistique et des études économiques)",1
"1870","Service historique de la Défense",4
"1870","Ville de Paris / Fonds Heure joyeuse",6
"1871","Autre",52
"1871","Bibliothèque Carré d'art / Nîmes",6
"1871","Bibliothèque de l'INHA / coll. J. Doucet",19
"1871","Bibliothèque H. Ey. C.H. de Sainte-Anne",2
"1871","Bibliothèque nationale de France",2716
"1871","Ville de Paris / Fonds Heure joyeuse",7
"1872","Autre",68
"1872","Bibliothèque Carré d'art / Nîmes",4
"1872","Bibliothèque de l'INHA / coll. J. Doucet",27
"1872","Bibliothèque H. Ey. C.H. de Sainte-Anne",5
"1872","Bibliothèque nationale de France",3040
"1872","INSEE (Institut national de la statistique et des études économiques)",6
"1872","Institut catholique de Paris",3
"1872","Service historique de la Défense",1
"1872","Ville de Paris / Fonds Heure joyeuse",4
"1873","Autre",78
"1873","Bibliothèque Carré d'art / Nîmes",7
"1873","Bibliothèque de l'INHA / coll. J. Doucet",24
"1873","Bibliothèque H. Ey. C.H. de Sainte-Anne",5
"1873","Bibliothèque nationale de France",2692
"1873","Institut catholique de Paris",4
"1873","Ville de Paris / Fonds Heure joyeuse",11
"1874","Autre",76
"1874","Bibliothèque Carré d'art / Nîmes",6
"1874","Bibliothèque de l'INHA / coll. J. Doucet",36
"1874","Bibliothèque H. Ey. C.H. de Sainte-Anne",9
"1874","Bibliothèque nationale de France",2835
"1874","INSEE (Institut national de la statistique et des études économiques)",1
"1874","Institut catholique de Paris",4
"1874","Service historique de la Défense",1
"1874","Ville de Paris / Fonds Heure joyeuse",5
"1875","Autre",92
"1875","Bibliothèque Carré d'art / Nîmes",10
"1875","Bibliothèque de l'INHA / coll. J. Doucet",29
"1875","Bibliothèque H. Ey. C.H. de Sainte-Anne",6
"1875","Bibliothèque nationale de France",3104
"1875","Institut catholique de Paris",2
"1875","Service historique de la Défense",3
"1875","Ville de Paris / Fonds Heure joyeuse",12
"1876","Autre",81
"1876","Bibliothèque Carré d'art / Nîmes",11
"1876","Bibliothèque de l'INHA / coll. J. Doucet",27
"1876","Bibliothèque H. Ey. C.H. de Sainte-Anne",6
"1876","Bibliothèque nationale de France",3018
"1876","Institut catholique de Paris",2
"1876","Service historique de la Défense",2
"1876","Ville de Paris / Fonds Heure joyeuse",11
"1877","Autre",76
"1877","Bibliothèque Carré d'art / Nîmes",6
"1877","Bibliothèque de l'INHA / coll. J. Doucet",28
"1877","Bibliothèque H. Ey. C.H. de Sainte-Anne",10
"1877","Bibliothèque nationale de France",3113
"1877","Institut catholique de Paris",2
"1877","Service historique de la Défense",6
"1877","Ville de Paris / Fonds Heure joyeuse",9
"1878","Autre",103
"1878","Bibliothèque Carré d'art / Nîmes",10
"1878","Bibliothèque de l'INHA / coll. J. Doucet",31
"1878","Bibliothèque de l'Université Claude Bernard Lyon 1",1
"1878","Bibliothèque H. Ey. C.H. de Sainte-Anne",7
"1878","Bibliothèque nationale de France",2809
"1878","Institut catholique de Paris",2
"1878","Service historique de la Défense",1
"1878","Ville de Paris / Fonds Heure joyeuse",14
"1879","Autre",96
"1879","Bibliothèque Carré d'art / Nîmes",10
"1879","Bibliothèque de l'INHA / coll. J. Doucet",28
"1879","Bibliothèque de l'Université Claude Bernard Lyon 1",10
"1879","Bibliothèque H. Ey. C.H. de Sainte-Anne",15
"1879","Bibliothèque nationale de France",2941
"1879","Institut catholique de Paris",3
"1879","Service historique de la Défense",2
"1879","Ville de Paris / Fonds Heure joyeuse",17
"1880","Autre",102
"1880","Bibliothèque Carré d'art / Nîmes",12
"1880","Bibliothèque de l'INHA / coll. J. Doucet",35
"1880","Bibliothèque de l'Université Claude Bernard Lyon 1",13
"1880","Bibliothèque H. Ey. C.H. de Sainte-Anne",15
"1880","Bibliothèque nationale de France",2965
"1880","Institut catholique de Paris",2
"1880","Service historique de la Défense",28
"1880","Ville de Paris / Fonds Heure joyeuse",15
"1881","Autre",89
"1881","Bibliothèque Carré d'art / Nîmes",6
"1881","Bibliothèque de l'INHA / coll. J. Doucet",29
"1881","Bibliothèque de l'Université Claude Bernard Lyon 1",26
"1881","Bibliothèque H. Ey. C.H. de Sainte-Anne",9
"1881","Bibliothèque nationale de France",2841
"1881","Institut catholique de Paris",1
"1881","Service historique de la Défense",2
"1881","Ville de Paris / Fonds Heure joyeuse",13
"1882","Autre",98
"1882","Bibliothèque Carré d'art / Nîmes",8
"1882","Bibliothèque de l'INHA / coll. J. Doucet",36
"1882","Bibliothèque de l'Université Claude Bernard Lyon 1",18
"1882","Bibliothèque H. Ey. C.H. de Sainte-Anne",6
"1882","Bibliothèque nationale de France",2580
"1882","Institut catholique de Paris",1
"1882","Ville de Paris / Fonds Heure joyeuse",13
"1883","Autre",150
"1883","Bibliothèque Carré d'art / Nîmes",12
"1883","Bibliothèque de l'INHA / coll. J. Doucet",31
"1883","Bibliothèque de l'Université Claude Bernard Lyon 1",16
"1883","Bibliothèque H. Ey. C.H. de Sainte-Anne",11
"1883","Bibliothèque nationale de France",2719
"1883","Institut catholique de Paris",1
"1883","Ville de Paris / Fonds Heure joyeuse",14
"1884","Autre",109
"1884","Bibliothèque Carré d'art / Nîmes",11
"1884","Bibliothèque de l'INHA / coll. J. Doucet",43
"1884","Bibliothèque de l'Université Claude Bernard Lyon 1",31
"1884","Bibliothèque H. Ey. C.H. de Sainte-Anne",8
"1884","Bibliothèque nationale de France",2729
"1884","Service historique de la Défense",2
"1884","Ville de Paris / Fonds Heure joyeuse",25
"1885","Autre",107
"1885","Bibliothèque Carré d'art / Nîmes",15
"1885","Bibliothèque de l'INHA / coll. J. Doucet",27
"1885","Bibliothèque de l'Université Claude Bernard Lyon 1",40
"1885","Bibliothèque H. Ey. C.H. de Sainte-Anne",19
"1885","Bibliothèque nationale de France",2643
"1885","Institut catholique de Paris",1
"1885","Ville de Paris / Fonds Heure joyeuse",25
"1886","Autre",84
"1886","Bibliothèque Carré d'art / Nîmes",11
"1886","Bibliothèque de l'INHA / coll. J. Doucet",27
"1886","Bibliothèque de l'Université Claude Bernard Lyon 1",37
"1886","Bibliothèque H. Ey. C.H. de Sainte-Anne",10
"1886","Bibliothèque nationale de France",2735
"1886","Service historique de la Défense",6
"1886","Ville de Paris / Fonds Heure joyeuse",14
"1887","Autre",100
"1887","Bibliothèque Carré d'art / Nîmes",8
"1887","Bibliothèque de l'INHA / coll. J. Doucet",25
"1887","Bibliothèque de l'Université Claude Bernard Lyon 1",35
"1887","Bibliothèque H. Ey. C.H. de Sainte-Anne",18
"1887","Bibliothèque nationale de France",2522
"1887","CIRAD",2
"1887","Institut catholique de Paris",3
"1887","Service historique de la Défense",3
"1887","Ville de Paris / Fonds Heure joyeuse",19
"1888","Autre",84
"1888","Bibliothèque Carré d'art / Nîmes",8
"1888","Bibliothèque de l'INHA / coll. J. Doucet",26
"1888","Bibliothèque de l'Université Claude Bernard Lyon 1",38
"1888","Bibliothèque H. Ey. C.H. de Sainte-Anne",12
"1888","Bibliothèque nationale de France",2795
"1888","CIRAD",1
"1888","Institut catholique de Paris",1
"1888","Service historique de la Défense",4
"1888","Ville de Paris / Fonds Heure joyeuse",11
"1889","Autre",94
"1889","Bibliothèque Carré d'art / Nîmes",20
"1889","Bibliothèque de l'INHA / coll. J. Doucet",27
"1889","Bibliothèque de l'Université Claude Bernard Lyon 1",29
"1889","Bibliothèque H. Ey. C.H. de Sainte-Anne",19
"1889","Bibliothèque nationale de France",2921
"1889","Institut catholique de Paris",3
"1889","Service historique de la Défense",4
"1889","Ville de Paris / Fonds Heure joyeuse",25
"1890","Autre",118
"1890","Bibliothèque Carré d'art / Nîmes",7
"1890","Bibliothèque de l'INHA / coll. J. Doucet",30
"1890","Bibliothèque de l'Université Claude Bernard Lyon 1",78
"1890","Bibliothèque H. Ey. C.H. de Sainte-Anne",21
"1890","Bibliothèque nationale de France",2584
"1890","CIRAD",3
"1890","Institut catholique de Paris",4
"1890","Ville de Paris / Fonds Heure joyeuse",30
"1891","Autre",87
"1891","Bibliothèque Carré d'art / Nîmes",14
"1891","Bibliothèque de l'INHA / coll. J. Doucet",20
"1891","Bibliothèque de l'Université Claude Bernard Lyon 1",55
"1891","Bibliothèque H. Ey. C.H. de Sainte-Anne",17
"1891","Bibliothèque nationale de France",2469
"1891","Institut catholique de Paris",12
"1891","Service historique de la Défense",1
"1891","Ville de Paris / Fonds Heure joyeuse",6
"1892","Autre",142
"1892","Bibliothèque Carré d'art / Nîmes",17
"1892","Bibliothèque de l'INHA / coll. J. Doucet",14
"1892","Bibliothèque de l'Université Claude Bernard Lyon 1",106
"1892","Bibliothèque H. Ey. C.H. de Sainte-Anne",16
"1892","Bibliothèque nationale de France",2368
"1892","Institut catholique de Paris",9
"1892","Service historique de la Défense",5
"1892","Ville de Paris / Fonds Heure joyeuse",10
"1893","Autre",105
"1893","Bibliothèque Carré d'art / Nîmes",14
"1893","Bibliothèque de l'INHA / coll. J. Doucet",15
"1893","Bibliothèque de l'Université Claude Bernard Lyon 1",81
"1893","Bibliothèque H. Ey. C.H. de Sainte-Anne",22
"1893","Bibliothèque nationale de France",2273
"1893","CIRAD",1
"1893","Institut catholique de Paris",3
"1893","Service historique de la Défense",6
"1893","Ville de Paris / Fonds Heure joyeuse",9
"1894","Autre",103
"1894","Bibliothèque Carré d'art / Nîmes",10
"1894","Bibliothèque de l'INHA / coll. J. Doucet",18
"1894","Bibliothèque de l'Université Claude Bernard Lyon 1",126
"1894","Bibliothèque H. Ey. C.H. de Sainte-Anne",27
"1894","Bibliothèque nationale de France",2511
"1894","CIRAD",2
"1894","Institut catholique de Paris",9
"1894","Service historique de la Défense",2
"1894","Ville de Paris / Fonds Heure joyeuse",15
"1895","Autre",99
"1895","Bibliothèque Carré d'art / Nîmes",15
"1895","Bibliothèque de l'INHA / coll. J. Doucet",24
"1895","Bibliothèque de l'Université Claude Bernard Lyon 1",13
"1895","Bibliothèque H. Ey. C.H. de Sainte-Anne",18
"1895","Bibliothèque nationale de France",2361
"1895","Institut catholique de Paris",4
"1895","Service historique de la Défense",4
"1895","Ville de Paris / Fonds Heure joyeuse",12
"1896","Autre",104
"1896","Bibliothèque Carré d'art / Nîmes",17
"1896","Bibliothèque de l'INHA / coll. J. Doucet",11
"1896","Bibliothèque de l'Université Claude Bernard Lyon 1",22
"1896","Bibliothèque H. Ey. C.H. de Sainte-Anne",21
"1896","Bibliothèque nationale de France",2423
"1896","CIRAD",1
"1896","Institut catholique de Paris",7
"1896","Service historique de la Défense",4
"1896","Ville de Paris / Fonds Heure joyeuse",7
"1897","Autre",100
"1897","Bibliothèque Carré d'art / Nîmes",5
"1897","Bibliothèque de l'INHA / coll. J. Doucet",33
"1897","Bibliothèque de l'Université Claude Bernard Lyon 1",29
"1897","Bibliothèque H. Ey. C.H. de Sainte-Anne",19
"1897","Bibliothèque nationale de France",2408
"1897","CIRAD",1
"1897","Institut catholique de Paris",7
"1897","Service historique de la Défense",5
"1897","Ville de Paris / Fonds Heure joyeuse",12
"1898","Autre",92
"1898","Bibliothèque Carré d'art / Nîmes",17
"1898","Bibliothèque de l'INHA / coll. J. Doucet",14
"1898","Bibliothèque de l'Université Claude Bernard Lyon 1",17
"1898","Bibliothèque H. Ey. C.H. de Sainte-Anne",18
"1898","Bibliothèque nationale de France",2393
"1898","Service historique de la Défense",3
"1898","Ville de Paris / Fonds Heure joyeuse",15
"1899","Autre",81
"1899","Bibliothèque Carré d'art / Nîmes",17
"1899","Bibliothèque de l'INHA / coll. J. Doucet",35
"1899","Bibliothèque de l'Université Claude Bernard Lyon 1",22
"1899","Bibliothèque H. Ey. C.H. de Sainte-Anne",16
"1899","Bibliothèque nationale de France",2211
"1899","CIRAD",2
"1899","Institut catholique de Paris",1
"1899","Service historique de la Défense",1
"1899","Ville de Paris / Fonds Heure joyeuse",7
"1900","Autre",145
"1900","Bibliothèque Carré d'art / Nîmes",11
"1900","Bibliothèque de l'INHA / coll. J. Doucet",38
"1900","Bibliothèque de l'Université Claude Bernard Lyon 1",32
"1900","Bibliothèque H. Ey. C.H. de Sainte-Anne",4
"1900","Bibliothèque nationale de France",2576
"1900","CIRAD",10
"1900","Institut catholique de Paris",17
"1900","Service historique de la Défense",12
"1900","Ville de Paris / Fonds Heure joyeuse",25
"1901","Autre",78
"1901","Bibliothèque Carré d'art / Nîmes",14
"1901","Bibliothèque de l'INHA / coll. J. Doucet",15
"1901","Bibliothèque de l'Université Claude Bernard Lyon 1",13
"1901","Bibliothèque nationale de France",2212
"1901","CIRAD",4
"1901","Institut catholique de Paris",4
"1901","Service historique de la Défense",7
"1901","Ville de Paris / Fonds Heure joyeuse",7
"1902","Autre",83
"1902","Bibliothèque Carré d'art / Nîmes",8
"1902","Bibliothèque de l'INHA / coll. J. Doucet",31
"1902","Bibliothèque de l'Université Claude Bernard Lyon 1",21
"1902","Bibliothèque nationale de France",2186
"1902","CIRAD",12
"1902","Institut catholique de Paris",9
"1902","Service historique de la Défense",3
"1902","Ville de Paris / Fonds Heure joyeuse",9
"1903","Autre",88
"1903","Bibliothèque Carré d'art / Nîmes",6
"1903","Bibliothèque de l'INHA / coll. J. Doucet",32
"1903","Bibliothèque de l'Université Claude Bernard Lyon 1",21
"1903","Bibliothèque nationale de France",2087
"1903","CIRAD",2
"1903","Institut catholique de Paris",20
"1903","Service historique de la Défense",16
"1903","Ville de Paris / Fonds Heure joyeuse",16
"1904","Autre",80
"1904","Bibliothèque Carré d'art / Nîmes",15
"1904","Bibliothèque de l'INHA / coll. J. Doucet",20
"1904","Bibliothèque de l'Université Claude Bernard Lyon 1",25
"1904","Bibliothèque nationale de France",2094
"1904","CIRAD",2
"1904","Institut catholique de Paris",10
"1904","Service historique de la Défense",23
"1904","Ville de Paris / Fonds Heure joyeuse",3
"1905","Autre",75
"1905","Bibliothèque Carré d'art / Nîmes",6
"1905","Bibliothèque de l'INHA / coll. J. Doucet",36
"1905","Bibliothèque de l'Université Claude Bernard Lyon 1",1
"1905","Bibliothèque nationale de France",2157
"1905","CIRAD",7
"1905","Institut catholique de Paris",16
"1905","Service historique de la Défense",17
"1905","Ville de Paris / Fonds Heure joyeuse",18
"1906","Autre",106
"1906","Bibliothèque Carré d'art / Nîmes",9
"1906","Bibliothèque de l'INHA / coll. J. Doucet",32
"1906","Bibliothèque de l'Université Claude Bernard Lyon 1",4
"1906","Bibliothèque nationale de France",2002
"1906","CIRAD",23
"1906","Institut catholique de Paris",10
"1906","Service historique de la Défense",6
"1906","Ville de Paris / Fonds Heure joyeuse",10
"1907","Autre",79
"1907","Bibliothèque Carré d'art / Nîmes",3
"1907","Bibliothèque de l'INHA / coll. J. Doucet",22
"1907","Bibliothèque nationale de France",1733
"1907","CIRAD",11
"1907","INSEE (Institut national de la statistique et des études économiques)",1
"1907","Institut catholique de Paris",8
"1907","Service historique de la Défense",10
"1907","Ville de Paris / Fonds Heure joyeuse",8
"1908","Autre",88
"1908","Bibliothèque Carré d'art / Nîmes",8
"1908","Bibliothèque de l'INHA / coll. J. Doucet",46
"1908","Bibliothèque de l'Université Claude Bernard Lyon 1",2
"1908","Bibliothèque nationale de France",1806
"1908","CIRAD",13
"1908","Institut catholique de Paris",15
"1908","Service historique de la Défense",13
"1908","Ville de Paris / Fonds Heure joyeuse",10
"1909","Autre",115
"1909","Bibliothèque Carré d'art / Nîmes",3
"1909","Bibliothèque de l'INHA / coll. J. Doucet",43
"1909","Bibliothèque de l'Université Claude Bernard Lyon 1",4
"1909","Bibliothèque nationale de France",1847
"1909","CIRAD",7
"1909","Institut catholique de Paris",4
"1909","Service historique de la Défense",25
"1909","Ville de Paris / Fonds Heure joyeuse",14
"1910","Autre",138
"1910","Bibliothèque Carré d'art / Nîmes",2
"1910","Bibliothèque de l'INHA / coll. J. Doucet",50
"1910","Bibliothèque de l'Université Claude Bernard Lyon 1",9
"1910","Bibliothèque nationale de France",1850
"1910","CIRAD",5
"1910","Institut catholique de Paris",10
"1910","Service historique de la Défense",26
"1910","Ville de Paris / Fonds Heure joyeuse",50
"1911","Autre",101
"1911","Bibliothèque Carré d'art / Nîmes",6
"1911","Bibliothèque de l'INHA / coll. J. Doucet",34
"1911","Bibliothèque de l'Université Claude Bernard Lyon 1",4
"1911","Bibliothèque nationale de France",1811
"1911","CIRAD",9
"1911","Institut catholique de Paris",5
"1911","Service historique de la Défense",25
"1911","Ville de Paris / Fonds Heure joyeuse",26
"1912","Autre",118
"1912","Bibliothèque Carré d'art / Nîmes",3
"1912","Bibliothèque de l'INHA / coll. J. Doucet",35
"1912","Bibliothèque de l'Université Claude Bernard Lyon 1",1
"1912","Bibliothèque nationale de France",1765
"1912","CIRAD",14
"1912","INSEE (Institut national de la statistique et des études économiques)",1
"1912","Institut catholique de Paris",9
"1912","Service historique de la Défense",32
"1912","Ville de Paris / Fonds Heure joyeuse",29
"1913","Autre",99
"1913","Bibliothèque Carré d'art / Nîmes",2
"1913","Bibliothèque de l'INHA / coll. J. Doucet",25
"1913","Bibliothèque de l'Université Claude Bernard Lyon 1",3
"1913","Bibliothèque nationale de France",1800
"1913","CIRAD",14
"1913","Institut catholique de Paris",8
"1913","Service historique de la Défense",45
"1913","Ville de Paris / Fonds Heure joyeuse",28
"1914","Autre",89
"1914","Bibliothèque Carré d'art / Nîmes",2
"1914","Bibliothèque de l'INHA / coll. J. Doucet",14
"1914","Bibliothèque de l'Université Claude Bernard Lyon 1",28
"1914","Bibliothèque nationale de France",1418
"1914","CIRAD",9
"1914","Institut catholique de Paris",12
"1914","Service historique de la Défense",31
"1914","Ville de Paris / Fonds Heure joyeuse",18
"1915","Autre",112
"1915","Bibliothèque Carré d'art / Nîmes",6
"1915","Bibliothèque de l'INHA / coll. J. Doucet",4
"1915","Bibliothèque de l'Université Claude Bernard Lyon 1",9
"1915","Bibliothèque nationale de France",521
"1915","CIRAD",4
"1915","Institut catholique de Paris",12
"1915","Service historique de la Défense",58
"1915","Ville de Paris / Fonds Heure joyeuse",8
"1916","Autre",85
"1916","Bibliothèque Carré d'art / Nîmes",4
"1916","Bibliothèque de l'INHA / coll. J. Doucet",3
"1916","Bibliothèque de l'Université Claude Bernard Lyon 1",11
"1916","Bibliothèque nationale de France",652
"1916","CIRAD",5
"1916","Institut catholique de Paris",29
"1916","Service historique de la Défense",52
"1916","Ville de Paris / Fonds Heure joyeuse",14
"1917","Autre",62
"1917","Bibliothèque de l'INHA / coll. J. Doucet",4
"1917","Bibliothèque de l'Université Claude Bernard Lyon 1",11
"1917","Bibliothèque nationale de France",696
"1917","CIRAD",6
"1917","Institut catholique de Paris",14
"1917","Service historique de la Défense",61
"1917","Ville de Paris / Fonds Heure joyeuse",10
"1918","Autre",65
"1918","Bibliothèque Carré d'art / Nîmes",1
"1918","Bibliothèque de l'INHA / coll. J. Doucet",7
"1918","Bibliothèque de l'Université Claude Bernard Lyon 1",4
"1918","Bibliothèque nationale de France",665
"1918","CIRAD",2
"1918","INSEE (Institut national de la statistique et des études économiques)",1
"1918","Institut catholique de Paris",6
"1918","Service historique de la Défense",57
"1918","Ville de Paris / Fonds Heure joyeuse",24
"1919","Autre",59
"1919","Bibliothèque Carré d'art / Nîmes",1
"1919","Bibliothèque de l'INHA / coll. J. Doucet",11
"1919","Bibliothèque de l'Université Claude Bernard Lyon 1",19
"1919","Bibliothèque nationale de France",744
"1919","CIRAD",3
"1919","Institut catholique de Paris",9
"1919","Service historique de la Défense",58
"1919","Ville de Paris / Fonds Heure joyeuse",58
"1920","Autre",66
"1920","Bibliothèque de l'INHA / coll. J. Doucet",24
"1920","Bibliothèque de l'Université Claude Bernard Lyon 1",61
"1920","Bibliothèque nationale de France",787
"1920","CIRAD",12
"1920","Institut catholique de Paris",9
"1920","Service historique de la Défense",373
"1920","Ville de Paris / Fonds Heure joyeuse",10
"1921","Autre",51
"1921","Bibliothèque Carré d'art / Nîmes",4
"1921","Bibliothèque de l'INHA / coll. J. Doucet",10
"1921","Bibliothèque de l'Université Claude Bernard Lyon 1",19
"1921","Bibliothèque nationale de France",722
"1921","CIRAD",7
"1921","INSEE (Institut national de la statistique et des études économiques)",1
"1921","Institut catholique de Paris",6
"1921","Service historique de la Défense",71
"1921","Ville de Paris / Fonds Heure joyeuse",1
"1922","Autre",92
"1922","Bibliothèque de l'INHA / coll. J. Doucet",18
"1922","Bibliothèque nationale de France",808
"1922","CIRAD",21
"1922","Institut catholique de Paris",7
"1922","Service historique de la Défense",60
"1922","Ville de Paris / Fonds Heure joyeuse",1
"1923","Autre",75
"1923","Bibliothèque Carré d'art / Nîmes",2
"1923","Bibliothèque de l'INHA / coll. J. Doucet",15
"1923","Bibliothèque nationale de France",783
"1923","CIRAD",4
"1923","Institut catholique de Paris",17
"1923","Service historique de la Défense",26
"1923","Ville de Paris / Fonds Heure joyeuse",2
"1924","Autre",57
"1924","Bibliothèque Carré d'art / Nîmes",2
"1924","Bibliothèque de l'INHA / coll. J. Doucet",34
"1924","Bibliothèque nationale de France",754
"1924","CIRAD",1
"1924","Institut catholique de Paris",6
"1924","Service historique de la Défense",15
"1924","Ville de Paris / Fonds Heure joyeuse",3
"1925","Autre",92
"1925","Bibliothèque Carré d'art / Nîmes",4
"1925","Bibliothèque de l'INHA / coll. J. Doucet",23
"1925","Bibliothèque nationale de France",809
"1925","CIRAD",2
"1925","Institut catholique de Paris",11
"1925","Service historique de la Défense",17
"1925","Ville de Paris / Fonds Heure joyeuse",6
"1926","Autre",68
"1926","Bibliothèque Carré d'art / Nîmes",1
"1926","Bibliothèque de l'INHA / coll. J. Doucet",24
"1926","Bibliothèque nationale de France",867
"1926","CIRAD",5
"1926","Institut catholique de Paris",20
"1926","Service historique de la Défense",16
"1926","Ville de Paris / Fonds Heure joyeuse",4
"1927","Autre",74
"1927","Bibliothèque Carré d'art / Nîmes",1
"1927","Bibliothèque de l'INHA / coll. J. Doucet",14
"1927","Bibliothèque nationale de France",811
"1927","Institut catholique de Paris",7
"1927","Service historique de la Défense",7
"1927","Ville de Paris / Fonds Heure joyeuse",2
"1928","Autre",83
"1928","Bibliothèque de l'INHA / coll. J. Doucet",23
"1928","Bibliothèque nationale de France",885
"1928","CIRAD",6
"1928","Institut catholique de Paris",4
"1928","Service historique de la Défense",14
"1929","Autre",76
"1929","Bibliothèque de l'INHA / coll. J. Doucet",23
"1929","Bibliothèque nationale de France",674
"1929","CIRAD",5
"1929","Institut catholique de Paris",7
"1929","Service historique de la Défense",7
"1929","Ville de Paris / Fonds Heure joyeuse",5
"1930","Autre",58
"1930","Bibliothèque Carré d'art / Nîmes",1
"1930","Bibliothèque de l'INHA / coll. J. Doucet",26
"1930","Bibliothèque nationale de France",800
"1930","CIRAD",29
"1930","Institut catholique de Paris",15
"1930","Service historique de la Défense",17
"1930","Ville de Paris / Fonds Heure joyeuse",11
"1931","Autre",95
"1931","Bibliothèque Carré d'art / Nîmes",2
"1931","Bibliothèque de l'INHA / coll. J. Doucet",22
"1931","Bibliothèque nationale de France",764
"1931","CIRAD",138
"1931","INSEE (Institut national de la statistique et des études économiques)",1
"1931","Institut catholique de Paris",6
"1931","Service historique de la Défense",12
"1931","Ville de Paris / Fonds Heure joyeuse",2
"1932","Autre",49
"1932","Bibliothèque de l'INHA / coll. J. Doucet",11
"1932","Bibliothèque nationale de France",664
"1932","CIRAD",24
"1932","INSEE (Institut national de la statistique et des études économiques)",1
"1932","Institut catholique de Paris",7
"1932","Service historique de la Défense",23
"1932","Ville de Paris / Fonds Heure joyeuse",3
"1933","Autre",51
"1933","Bibliothèque Carré d'art / Nîmes",3
"1933","Bibliothèque de l'INHA / coll. J. Doucet",7
"1933","Bibliothèque nationale de France",697
"1933","CIRAD",8
"1933","Institut catholique de Paris",9
"1933","Service historique de la Défense",21
"1933","Ville de Paris / Fonds Heure joyeuse",1
"1934","Autre",99
"1934","Bibliothèque Carré d'art / Nîmes",1
"1934","Bibliothèque de l'INHA / coll. J. Doucet",10
"1934","Bibliothèque nationale de France",742
"1934","CIRAD",6
"1934","INSEE (Institut national de la statistique et des études économiques)",1
"1934","Institut catholique de Paris",4
"1934","Service historique de la Défense",21
"1934","Ville de Paris / Fonds Heure joyeuse",3
"1935","Autre",49
"1935","Bibliothèque de l'INHA / coll. J. Doucet",6
"1935","Bibliothèque nationale de France",1067
"1935","CIRAD",4
"1935","INSEE (Institut national de la statistique et des études économiques)",1
"1935","Institut catholique de Paris",6
"1935","Service historique de la Défense",17
"1935","Ville de Paris / Fonds Heure joyeuse",6
"1936","Autre",79
"1936","Bibliothèque Carré d'art / Nîmes",1
"1936","Bibliothèque de l'INHA / coll. J. Doucet",6
"1936","Bibliothèque nationale de France",1043
"1936","CIRAD",3
"1936","INSEE (Institut national de la statistique et des études économiques)",1
"1936","Institut catholique de Paris",3
"1936","Service historique de la Défense",28
"1936","Ville de Paris / Fonds Heure joyeuse",8
"1937","Autre",50
"1937","Bibliothèque Carré d'art / Nîmes",1
"1937","Bibliothèque de l'INHA / coll. J. Doucet",11
"1937","Bibliothèque nationale de France",999
"1937","CIRAD",4
"1937","INSEE (Institut national de la statistique et des études économiques)",19
"1937","Institut catholique de Paris",4
"1937","Service historique de la Défense",45
"1937","Ville de Paris / Fonds Heure joyeuse",2
"1938","Autre",38
"1938","Bibliothèque de l'INHA / coll. J. Doucet",8
"1938","Bibliothèque nationale de France",990
"1938","CIRAD",1
"1938","INSEE (Institut national de la statistique et des études économiques)",1
"1938","Institut catholique de Paris",3
"1938","Service historique de la Défense",46
"1938","Ville de Paris / Fonds Heure joyeuse",4
"1939","Autre",30
"1939","Bibliothèque de l'INHA / coll. J. Doucet",2
"1939","Bibliothèque nationale de France",575
"1939","CIRAD",1
"1939","Institut catholique de Paris",2
"1939","Service historique de la Défense",52
"1940","Autre",14
"1940","Bibliothèque de l'INHA / coll. J. Doucet",2
"1940","Bibliothèque nationale de France",180
"1940","Institut catholique de Paris",1
"1940","Service historique de la Défense",32
"1940","Ville de Paris / Fonds Heure joyeuse",8
"1941","Autre",7
"1941","Bibliothèque nationale de France",270
"1941","INSEE (Institut national de la statistique et des études économiques)",2
"1941","Institut catholique de Paris",1
"1941","Service historique de la Défense",5
"1941","Ville de Paris / Fonds Heure joyeuse",3
"1942","Autre",11
"1942","Bibliothèque nationale de France",241
"1942","Service historique de la Défense",1
"1942","Ville de Paris / Fonds Heure joyeuse",2
"1943","Autre",5
"1943","Bibliothèque nationale de France",284
"1943","Ville de Paris / Fonds Heure joyeuse",1
"1944","Autre",6
"1944","Bibliothèque nationale de France",259
"1944","CIRAD",1
"1944","Service historique de la Défense",1
"1944","Ville de Paris / Fonds Heure joyeuse",3
"1945","Autre",11
"1945","Bibliothèque nationale de France",456
"1945","INSEE (Institut national de la statistique et des études économiques)",1
"1945","Ville de Paris / Fonds Heure joyeuse",4
"1946","Autre",7
"1946","Bibliothèque nationale de France",675
"1946","INSEE (Institut national de la statistique et des études économiques)",3
"1946","Institut catholique de Paris",1
"1946","Ville de Paris / Fonds Heure joyeuse",1
"1947","Autre",15
"1947","Bibliothèque nationale de France",784
"1947","INSEE (Institut national de la statistique et des études économiques)",2
"1948","Autre",12
"1948","Bibliothèque nationale de France",746
"1948","CIRAD",1
"1948","INSEE (Institut national de la statistique et des études économiques)",4
"1948","Institut catholique de Paris",1
"1948","Ville de Paris / Fonds Heure joyeuse",2
"1949","Autre",2
"1949","Bibliothèque nationale de France",741
"1949","INSEE (Institut national de la statistique et des études économiques)",1
"1950","Autre",9
"1950","Bibliothèque de l'INHA / coll. J. Doucet",1
"1950","Bibliothèque nationale de France",742
"1950","CIRAD",3
"1950","INSEE (Institut national de la statistique et des études économiques)",2
"1950","Ville de Paris / Fonds Heure joyeuse",23
"1951","Autre",20
"1951","Bibliothèque nationale de France",656
"1951","CIRAD",1
"1952","Autre",11
"1952","Bibliothèque nationale de France",715
"1952","CIRAD",1
"1952","INSEE (Institut national de la statistique et des études économiques)",2
"1952","Ville de Paris / Fonds Heure joyeuse",5
"1953","Autre",10
"1953","Bibliothèque nationale de France",766
"1953","INSEE (Institut national de la statistique et des études économiques)",1
"1954","Autre",14
"1954","Bibliothèque nationale de France",920
"1954","CIRAD",1
"1954","Ville de Paris / Fonds Heure joyeuse",1
"1955","Autre",9
"1955","Bibliothèque nationale de France",882
"1955","CIRAD",1
"1955","Ville de Paris / Fonds Heure joyeuse",2
"1956","Autre",9
"1956","Bibliothèque nationale de France",806
"1956","Ville de Paris / Fonds Heure joyeuse",1
"1957","Autre",23
"1957","Bibliothèque Carré d'art / Nîmes",1
"1957","Bibliothèque de l'INHA / coll. J. Doucet",1
"1957","Bibliothèque nationale de France",1000
"1957","CIRAD",1
"1958","Autre",12
"1958","Bibliothèque nationale de France",1077
"1959","Autre",19
"1959","Bibliothèque nationale de France",1126
"1960","Autre",20
"1960","Bibliothèque nationale de France",1248
"1961","Autre",23
"1961","Bibliothèque nationale de France",1253
"1962","Autre",23
"1962","Bibliothèque nationale de France",1174
"1963","Autre",17
"1963","Bibliothèque nationale de France",1125
"1964","Autre",23
"1964","Bibliothèque nationale de France",1141
"1965","Autre",29
"1965","Bibliothèque nationale de France",871
"1966","Autre",44
"1966","Bibliothèque nationale de France",939
"1967","Autre",24
"1967","Bibliothèque nationale de France",975
"1967","INSEE (Institut national de la statistique et des études économiques)",1
"1968","Autre",13
"1968","Bibliothèque nationale de France",1080
"1969","Autre",25
"1969","Bibliothèque nationale de France",965
"1969","INSEE (Institut national de la statistique et des études économiques)",14
"1970","Autre",28
"1970","Bibliothèque nationale de France",739
"1970","INSEE (Institut national de la statistique et des études économiques)",18
"1971","Autre",17
"1971","Bibliothèque nationale de France",658
"1971","INSEE (Institut national de la statistique et des études économiques)",15
"1972","Autre",12
"1972","Bibliothèque nationale de France",740
"1972","INSEE (Institut national de la statistique et des études économiques)",26
"1973","Autre",12
"1973","Bibliothèque nationale de France",801
"1973","INSEE (Institut national de la statistique et des études économiques)",30
"1974","Autre",8
"1974","Bibliothèque nationale de France",1026
"1974","INSEE (Institut national de la statistique et des études économiques)",26
"1975","Autre",11
"1975","Bibliothèque nationale de France",1094
"1975","INSEE (Institut national de la statistique et des études économiques)",28
"1976","Autre",9
"1976","Bibliothèque nationale de France",1265
"1976","INSEE (Institut national de la statistique et des études économiques)",32
"1977","Autre",9
"1977","Bibliothèque nationale de France",1517
"1977","INSEE (Institut national de la statistique et des études économiques)",24
"1978","Autre",15
"1978","Bibliothèque nationale de France",1492
"1978","INSEE (Institut national de la statistique et des études économiques)",30
"1979","Autre",11
"1979","Bibliothèque nationale de France",1568
"1979","INSEE (Institut national de la statistique et des études économiques)",48
"1980","Autre",9
"1980","Bibliothèque nationale de France",1705
"1980","INSEE (Institut national de la statistique et des études économiques)",25
"1981","Autre",16
"1981","Bibliothèque nationale de France",1739
"1981","INSEE (Institut national de la statistique et des études économiques)",31
"1982","Autre",4
"1982","Bibliothèque nationale de France",1760
"1982","INSEE (Institut national de la statistique et des études économiques)",21
"1983","Autre",6
"1983","Bibliothèque nationale de France",1750
"1983","INSEE (Institut national de la statistique et des études économiques)",20
"1984","Autre",8
"1984","Bibliothèque nationale de France",1819
"1984","INSEE (Institut national de la statistique et des études économiques)",29
"1985","Autre",9
"1985","Bibliothèque nationale de France",1955
"1985","INSEE (Institut national de la statistique et des études économiques)",27
"1986","Autre",11
"1986","Bibliothèque nationale de France",1871
"1986","INSEE (Institut national de la statistique et des études économiques)",23
"1987","Autre",8
"1987","Bibliothèque nationale de France",2017
"1987","INSEE (Institut national de la statistique et des études économiques)",30
"1987","Ville de Paris / Fonds Heure joyeuse",1
"1988","Autre",14
"1988","Bibliothèque nationale de France",1948
"1988","INSEE (Institut national de la statistique et des études économiques)",30
"1989","Autre",20
"1989","Bibliothèque nationale de France",1954
"1989","INSEE (Institut national de la statistique et des études économiques)",7
"1990","Autre",14
"1990","Bibliothèque nationale de France",2023
"1990","CIRAD",1
"1990","INSEE (Institut national de la statistique et des études économiques)",2
"1991","Autre",20
"1991","Bibliothèque nationale de France",1938
"1991","INSEE (Institut national de la statistique et des études économiques)",1
"1991","Ville de Paris / Fonds Heure joyeuse",1
"1992","Autre",15
"1992","Bibliothèque nationale de France",2102
"1993","Autre",8
"1993","Bibliothèque nationale de France",2031
"1993","CIRAD",3
"1993","INSEE (Institut national de la statistique et des études économiques)",1
"1994","Autre",15
"1994","Bibliothèque nationale de France",1971
"1994","CIRAD",1
"1995","Autre",10
"1995","Bibliothèque nationale de France",2025
"1995","CIRAD",1
"1995","INSEE (Institut national de la statistique et des études économiques)",1
"1996","Autre",10
"1996","Bibliothèque nationale de France",1996
"1996","CIRAD",2
"1997","Autre",11
"1997","Bibliothèque nationale de France",2288
"1997","CIRAD",1
"1997","INSEE (Institut national de la statistique et des études économiques)",5
"1998","Autre",8
"1998","Bibliothèque nationale de France",1946
"1999","Autre",10
"1999","Bibliothèque nationale de France",1794
"2000","Autre",9
"2000","Bibliothèque nationale de France",1609
"2000","INSEE (Institut national de la statistique et des études économiques)",203
"2001","Autre",14
"2001","Bibliothèque nationale de France",106
"2001","INSEE (Institut national de la statistique et des études économiques)",1
"2002","Autre",6
"2002","Bibliothèque nationale de France",90
"2002","CIRAD",1
"2003","Autre",10
"2003","Bibliothèque nationale de France",63
"2003","CIRAD",1
"2004","Autre",4
"2004","Bibliothèque nationale de France",56
"2005","Autre",6
"2005","Bibliothèque nationale de France",68
"2006","Autre",10
"2006","Bibliothèque nationale de France",48
"2007","Autre",5
"2007","Bibliothèque nationale de France",36
"2008","Autre",8
"2008","Bibliothèque nationale de France",27
"2009","Autre",6
"2009","Bibliothèque nationale de France",26
"2010","Autre",7
"2010","Bibliothèque nationale de France",21
"2011","Autre",5
"2011","Bibliothèque nationale de France",16
"2012","Autre",5
"2012","Bibliothèque nationale de France",19
"2013","Autre",1
"2013","Bibliothèque nationale de France",9
"2014","Autre",4
"2014","Bibliothèque nationale de France",5
"2015","Autre",2
"2015","Bibliothèque nationale de France",2
"2016","Autre",1
"2016","Bibliothèque nationale de France",3
