"date","principaux_themes","n"
"1631","Autre",1
"1631","N/A",1
"1632","Autre",1
"1632","Presse et édition",3
"1633","Autre",2
"1633","Presse et édition",2
"1634","Autre",2
"1634","Presse et édition",2
"1635","Autre",1
"1635","Presse et édition",1
"1636","Autre",1
"1636","Presse et édition",1
"1640","Autre",1
"1640","Presse et édition",1
"1641","Autre",1
"1641","Presse et édition",1
"1642","Autre",3
"1642","Presse et édition",2
"1643","Autre",1
"1643","Presse et édition",1
"1644","Autre",67
"1644","Presse et édition",166
"1645","Autre",1
"1645","Presse et édition",1
"1646","Autre",4
"1646","Presse et édition",2
"1647","Autre",49
"1647","Presse et édition",74
"1648","Autre",2
"1648","Presse et édition",2
"1649","Autre",32
"1649","Histoire de France",2
"1649","N/A",3
"1649","Presse et édition",2
"1650","Autre",4
"1650","Presse et édition",2
"1651","Autre",1
"1651","Presse et édition",3
"1652","Autre",7
"1652","Histoire de France",1
"1652","Presse et édition",2
"1653","Autre",2
"1653","Presse et édition",2
"1654","Autre",63
"1654","Presse et édition",91
"1655","Autre",2
"1655","Presse et édition",2
"1656","Autre",53
"1656","N/A",1
"1656","Presse et édition",88
"1657","Autre",1
"1657","Presse et édition",2
"1658","Autre",2
"1658","Presse et édition",2
"1659","Autre",2
"1659","Presse et édition",2
"1660","Autre",1
"1660","Presse et édition",1
"1661","Autre",1
"1661","Presse et édition",2
"1662","Autre",36
"1662","Presse et édition",75
"1663","Périodiques",1
"1663","Presse et édition",2
"1664","Périodiques",2
"1664","Presse et édition",2
"1665","Autre",1
"1665","Périodiques",2
"1665","Presse et édition",1
"1666","Autre",1
"1666","Droit",1
"1666","Périodiques",4
"1666","Presse et édition",2
"1667","Périodiques",57
"1667","Presse et édition",91
"1668","Périodiques",3
"1668","Presse et édition",7
"1669","Périodiques",23
"1669","Presse et édition",106
"1670","Autre",1
"1670","Presse et édition",3
"1671","Autre",1
"1671","Presse et édition",4
"1672","Presse et édition",143
"1673","Presse et édition",2
"1674","Presse et édition",101
"1675","Presse et édition",202
"1676","Autre",2
"1676","Presse et édition",178
"1677","Autre",1
"1677","Presse et édition",3
"1678","Presse et édition",9
"1679","Autre",1
"1679","Presse et édition",19
"1680","Autre",1
"1680","Presse et édition",18
"1681","Autre",1
"1681","Presse et édition",16
"1682","Autre",1
"1682","Presse et édition",14
"1683","Autre",1
"1683","Presse et édition",15
"1684","Autre",1
"1684","Presse et édition",14
"1685","Autre",1
"1685","Presse et édition",14
"1686","Autre",1
"1686","Presse et édition",18
"1687","Autre",3
"1687","Presse et édition",15
"1688","Autre",1
"1688","Presse et édition",17
"1689","Autre",1
"1689","Droit",1
"1689","Périodiques",7
"1689","Presse et édition",77
"1690","Autre",1
"1690","Droit",1
"1690","Presse et édition",15
"1691","Autre",4
"1691","Périodiques",1
"1691","Presse et édition",13
"1692","Autre",15
"1692","Presse et édition",5
"1693","Autre",1
"1693","Presse et édition",15
"1694","Autre",6
"1694","Presse et édition",10
"1695","Autre",8
"1695","Presse et édition",61
"1696","Autre",14
"1696","Droit",1
"1696","Presse et édition",9
"1697","Autre",2
"1697","Presse et édition",118
"1697","Savoir livre informatique",92
"1698","Autre",5
"1698","Presse et édition",24
"1698","Savoir livre informatique",103
"1699","Autre",3
"1699","Droit",1
"1699","N/A",12
"1699","Presse et édition",11
"1700","Autre",12
"1700","Droit",2
"1700","N/A",6
"1700","Presse et édition",15
"1701","Autre",4
"1701","Droit",1
"1701","N/A",12
"1701","Presse et édition",14
"1702","Autre",14
"1702","Droit",4
"1702","N/A",3
"1702","Presse et édition",15
"1703","Autre",7
"1703","Droit",2
"1703","N/A",12
"1703","Presse et édition",11
"1704","Autre",29
"1704","Droit",2
"1704","N/A",1
"1704","Presse et édition",5
"1705","Autre",30
"1705","Droit",1
"1705","Presse et édition",1
"1706","Autre",29
"1706","Droit",1
"1706","Presse et édition",2
"1707","Autre",16
"1707","Droit",2
"1707","N/A",6
"1707","Presse et édition",1
"1708","Autre",7
"1708","Droit",1
"1708","N/A",6
"1708","Presse et édition",15
"1709","Autre",19
"1709","Droit",1
"1709","Presse et édition",3
"1709","Savoir livre informatique",102
"1710","Autre",8
"1710","Droit",2
"1710","N/A",15
"1710","Presse et édition",1
"1710","Savoir livre informatique",31
"1711","Autre",11
"1711","Droit",3
"1711","Histoire de France",1
"1711","Presse et édition",2
"1711","Savoir livre informatique",109
"1712","Autre",2
"1712","Droit",2
"1712","Presse et édition",67
"1712","Savoir livre informatique",83
"1713","Autre",2
"1713","Droit",2
"1713","Presse et édition",17
"1713","Savoir livre informatique",42
"1714","Autre",4
"1714","Droit",3
"1714","Périodiques",2
"1714","Presse et édition",68
"1714","Savoir livre informatique",45
"1715","Autre",6
"1715","Droit",2
"1715","Périodiques",3
"1715","Presse et édition",21
"1715","Savoir livre informatique",96
"1716","Autre",7
"1716","Droit",2
"1716","Histoire de France",1
"1716","Périodiques",1
"1716","Presse et édition",21
"1716","Savoir livre informatique",100
"1717","Autre",45
"1717","Droit",7
"1717","Périodiques",1
"1717","Presse et édition",1
"1717","Savoir livre informatique",101
"1718","Autre",28
"1718","Droit",14
"1718","Périodiques",6
"1718","Presse et édition",3
"1718","Savoir livre informatique",102
"1719","Autre",44
"1719","Droit",2
"1719","Presse et édition",1
"1719","Savoir livre informatique",103
"1720","Autre",34
"1720","Droit",5
"1720","Périodiques",1
"1720","Presse et édition",10
"1720","Savoir livre informatique",102
"1721","Autre",39
"1721","Droit",6
"1721","Histoire de France",4
"1721","Périodiques",2
"1721","Presse et édition",53
"1721","Savoir livre informatique",101
"1722","Autre",27
"1722","Droit",5
"1722","Presse et édition",62
"1722","Savoir livre informatique",101
"1723","Autre",34
"1723","Droit",9
"1723","N/A",1
"1723","Presse et édition",8
"1723","Savoir livre informatique",103
"1724","Autre",46
"1724","Droit",2
"1724","Histoire de France",3
"1724","Périodiques",3
"1724","Presse et édition",2
"1724","Savoir livre informatique",99
"1725","Autre",59
"1725","Droit",2
"1725","Histoire de France",3
"1725","Presse et édition",4
"1725","Science politique",1
"1726","Administration publique",5
"1726","Autre",33
"1726","Droit",4
"1726","Économie",2
"1726","Presse et édition",5
"1727","Administration publique",6
"1727","Autre",21
"1727","Droit",3
"1727","Histoire de France",2
"1727","Loisirs sports arts du spectacle",1
"1727","Périodiques",7
"1727","Presse et édition",2
"1728","Autre",38
"1728","Droit",2
"1728","N/A",1
"1728","Périodiques",2
"1728","Presse et édition",6
"1729","Administration publique",2
"1729","Autre",22
"1729","Droit",5
"1729","Histoire de France",2
"1729","Périodiques",7
"1729","Presse et édition",1
"1730","Administration publique",6
"1730","Autre",18
"1730","Droit",7
"1730","Histoire de France",1
"1730","Presse et édition",5
"1731","Administration publique",1
"1731","Autre",30
"1731","Droit",3
"1731","Économie",1
"1731","Loisirs sports arts du spectacle",1
"1731","N/A",1
"1731","Presse et édition",5
"1732","Administration publique",1
"1732","Autre",33
"1732","Droit",2
"1732","Histoire de France",1
"1732","Loisirs sports arts du spectacle",1
"1732","Périodiques",1
"1732","Presse et édition",2
"1733","Administration publique",9
"1733","Autre",20
"1733","Droit",3
"1733","Loisirs sports arts du spectacle",1
"1733","N/A",5
"1733","Périodiques",6
"1733","Presse et édition",3
"1734","Administration publique",1
"1734","Autre",69
"1734","Droit",8
"1734","Économie",1
"1734","Loisirs sports arts du spectacle",1
"1734","Presse et édition",2
"1735","Administration publique",4
"1735","Autre",142
"1735","Droit",11
"1735","Histoire de France",2
"1735","Loisirs sports arts du spectacle",1
"1735","N/A",6
"1735","Périodiques",6
"1735","Presse et édition",64
"1736","Administration publique",7
"1736","Autre",125
"1736","Droit",24
"1736","Loisirs sports arts du spectacle",1
"1736","N/A",3
"1736","Périodiques",2
"1736","Presse et édition",3
"1737","Administration publique",22
"1737","Autre",206
"1737","Droit",14
"1737","Histoire de France",1
"1737","Loisirs sports arts du spectacle",1
"1737","N/A",3
"1737","Périodiques",13
"1737","Presse et édition",10
"1738","Administration publique",8
"1738","Autre",189
"1738","Droit",14
"1738","Loisirs sports arts du spectacle",1
"1738","N/A",5
"1738","Périodiques",18
"1738","Presse et édition",15
"1739","Administration publique",8
"1739","Autre",200
"1739","Droit",16
"1739","Économie",1
"1739","Loisirs sports arts du spectacle",1
"1739","N/A",2
"1739","Périodiques",19
"1739","Presse et édition",9
"1740","Administration publique",7
"1740","Autre",145
"1740","Droit",20
"1740","Périodiques",6
"1740","Presse et édition",6
"1741","Administration publique",2
"1741","Autre",199
"1741","Droit",6
"1741","Économie",6
"1741","Presse et édition",63
"1742","Administration publique",1
"1742","Autre",194
"1742","Droit",8
"1742","Histoire de France",2
"1742","N/A",2
"1742","Périodiques",6
"1742","Presse et édition",4
"1743","Administration publique",1
"1743","Autre",143
"1743","Droit",10
"1743","Économie",3
"1743","Histoire de France",1
"1743","N/A",1
"1743","Périodiques",6
"1743","Presse et édition",11
"1744","Autre",79
"1744","Droit",5
"1744","Loisirs sports arts du spectacle",1
"1744","Périodiques",7
"1744","Presse et édition",58
"1745","Autre",59
"1745","Droit",4
"1745","Loisirs sports arts du spectacle",9
"1745","N/A",2
"1745","Périodiques",5
"1745","Presse et édition",2
"1746","Autre",80
"1746","Droit",6
"1746","N/A",1
"1746","Périodiques",2
"1746","Presse et édition",103
"1747","Autre",83
"1747","Droit",3
"1747","N/A",1
"1747","Presse et édition",160
"1748","Administration publique",1
"1748","Autre",64
"1748","Droit",8
"1748","Économie",1
"1748","Histoire de France",4
"1748","Presse et édition",118
"1749","Administration publique",2
"1749","Autre",19
"1749","Droit",5
"1749","Périodiques",6
"1749","Presse et édition",154
"1750","Administration publique",2
"1750","Autre",30
"1750","Droit",6
"1750","Loisirs sports arts du spectacle",2
"1750","N/A",1
"1750","Presse et édition",104
"1751","Autre",30
"1751","Droit",3
"1751","Périodiques",5
"1751","Presse et édition",1
"1752","Autre",32
"1752","Droit",3
"1752","Loisirs sports arts du spectacle",1
"1752","N/A",1
"1752","Périodiques",5
"1752","Presse et édition",90
"1752","Savoir livre informatique",103
"1753","Administration publique",1
"1753","Autre",39
"1753","Droit",2
"1753","Histoire de France",1
"1753","Loisirs sports arts du spectacle",1
"1753","N/A",1
"1753","Périodiques",1
"1753","Presse et édition",109
"1754","Autre",43
"1754","Droit",5
"1754","Loisirs sports arts du spectacle",4
"1754","N/A",3
"1754","Périodiques",1
"1754","Presse et édition",64
"1755","Administration publique",12
"1755","Autre",45
"1755","Droit",3
"1755","Histoire de France",1
"1755","Périodiques",7
"1755","Presse et édition",4
"1756","Autre",72
"1756","Droit",5
"1756","Loisirs sports arts du spectacle",4
"1756","Périodiques",2
"1756","Presse et édition",1
"1757","Autre",106
"1757","Droit",9
"1757","Loisirs sports arts du spectacle",1
"1757","Périodiques",1
"1757","Presse et édition",65
"1757","Science politique",2
"1758","Autre",52
"1758","Droit",5
"1758","Loisirs sports arts du spectacle",1
"1758","N/A",1
"1758","Périodiques",7
"1758","Presse et édition",8
"1759","Administration publique",2
"1759","Autre",47
"1759","Droit",9
"1759","Loisirs sports arts du spectacle",1
"1759","Périodiques",5
"1759","Presse et édition",4
"1760","Administration publique",11
"1760","Autre",101
"1760","Droit",6
"1760","Économie",1
"1760","Loisirs sports arts du spectacle",1
"1760","Périodiques",9
"1760","Presse et édition",70
"1760","Savoir livre informatique",54
"1761","Autre",67
"1761","Droit",3
"1761","Loisirs sports arts du spectacle",1
"1761","N/A",1
"1761","Périodiques",1
"1761","Presse et édition",65
"1761","Savoir livre informatique",33
"1761","Science politique",1
"1762","Autre",54
"1762","Droit",3
"1762","Loisirs sports arts du spectacle",2
"1762","N/A",106
"1762","Périodiques",1
"1762","Presse et édition",56
"1763","Administration publique",1
"1763","Autre",258
"1763","Droit",2
"1763","Histoire de France",1
"1763","Loisirs sports arts du spectacle",14
"1763","N/A",106
"1763","Périodiques",55
"1763","Presse et édition",7
"1764","Autre",239
"1764","Droit",3
"1764","N/A",104
"1765","Administration publique",2
"1765","Autre",240
"1765","Droit",5
"1765","Histoire de France",1
"1765","N/A",104
"1765","Périodiques",47
"1765","Presse et édition",4
"1766","Administration publique",1
"1766","Autre",232
"1766","Droit",4
"1766","Histoire de France",1
"1766","N/A",104
"1766","Périodiques",3
"1766","Presse et édition",29
"1767","Autre",238
"1767","Droit",14
"1767","Histoire de France",1
"1767","Loisirs sports arts du spectacle",3
"1767","N/A",104
"1767","Périodiques",1
"1768","Administration publique",1
"1768","Autre",238
"1768","Droit",6
"1768","Économie",1
"1768","N/A",105
"1768","Périodiques",4
"1768","Presse et édition",6
"1769","Administration publique",9
"1769","Autre",238
"1769","Droit",2
"1769","N/A",104
"1769","Périodiques",7
"1769","Science politique",2
"1770","Administration publique",2
"1770","Autre",247
"1770","Droit",4
"1770","Histoire de France",4
"1770","Loisirs sports arts du spectacle",5
"1770","N/A",105
"1770","Périodiques",52
"1770","Presse et édition",4
"1771","Administration publique",1
"1771","Autre",243
"1771","Droit",12
"1771","Économie",2
"1771","Histoire de France",1
"1771","N/A",104
"1771","Périodiques",2
"1771","Presse et édition",60
"1772","Administration publique",12
"1772","Autre",240
"1772","Droit",4
"1772","Économie",1
"1772","N/A",1
"1772","Périodiques",2
"1772","Presse et édition",56
"1773","Autre",224
"1773","Droit",82
"1773","N/A",105
"1773","Périodiques",2
"1773","Presse et édition",106
"1774","Administration publique",72
"1774","Autre",366
"1774","Droit",13
"1774","Économie",2
"1774","N/A",104
"1774","Périodiques",2
"1774","Presse et édition",119
"1774","Science politique",1
"1775","Administration publique",6
"1775","Autre",349
"1775","Droit",11
"1775","Histoire de France",2
"1775","Loisirs sports arts du spectacle",2
"1775","N/A",105
"1775","Presse et édition",171
"1776","Administration publique",26
"1776","Autre",235
"1776","Droit",5
"1776","Économie",1
"1776","Loisirs sports arts du spectacle",3
"1776","N/A",106
"1776","Périodiques",1
"1776","Presse et édition",119
"1777","Administration publique",87
"1777","Autre",263
"1777","Droit",19
"1777","Économie",2
"1777","Histoire de France",1
"1777","Loisirs sports arts du spectacle",18
"1777","N/A",105
"1777","Périodiques",2
"1777","Presse et édition",518
"1778","Administration publique",10
"1778","Autre",231
"1778","Droit",5
"1778","Économie",2
"1778","Loisirs sports arts du spectacle",12
"1778","N/A",106
"1778","Périodiques",4
"1778","Presse et édition",551
"1779","Administration publique",16
"1779","Autre",262
"1779","Droit",4
"1779","N/A",107
"1779","Presse et édition",563
"1779","Savoir livre informatique",6
"1779","Science politique",9
"1780","Administration publique",6
"1780","Autre",146
"1780","Droit",7
"1780","Économie",1
"1780","Histoire de France",2
"1780","Loisirs sports arts du spectacle",3
"1780","N/A",104
"1780","Presse et édition",577
"1780","Savoir livre informatique",6
"1781","Administration publique",14
"1781","Autre",231
"1781","Droit",11
"1781","Économie",1
"1781","N/A",106
"1781","Presse et édition",523
"1781","Savoir livre informatique",6
"1782","Administration publique",17
"1782","Autre",162
"1782","Droit",10
"1782","Histoire de France",1
"1782","N/A",1
"1782","Périodiques",1
"1782","Presse et édition",476
"1782","Savoir livre informatique",6
"1783","Administration publique",15
"1783","Autre",218
"1783","Droit",5
"1783","Histoire de France",2
"1783","N/A",110
"1783","Périodiques",2
"1783","Presse et édition",468
"1783","Savoir livre informatique",6
"1784","Administration publique",1
"1784","Autre",22
"1784","Droit",5
"1784","Économie",1
"1784","Histoire de France",1
"1784","N/A",105
"1784","Presse et édition",460
"1785","Administration publique",3
"1785","Autre",35
"1785","Droit",2
"1785","Histoire de France",1
"1785","Loisirs sports arts du spectacle",2
"1785","N/A",104
"1785","Presse et édition",481
"1786","Administration publique",1
"1786","Autre",54
"1786","Droit",2
"1786","Économie",1
"1786","Histoire de France",1
"1786","N/A",104
"1786","Presse et édition",495
"1787","Administration publique",1
"1787","Autre",98
"1787","Droit",6
"1787","Économie",4
"1787","Loisirs sports arts du spectacle",1
"1787","N/A",106
"1787","Périodiques",9
"1787","Presse et édition",498
"1787","Savoir livre informatique",1
"1788","Administration publique",4
"1788","Autre",136
"1788","Droit",5
"1788","Histoire de France",1
"1788","N/A",106
"1788","Périodiques",52
"1788","Presse et édition",507
"1789","Administration publique",12
"1789","Autre",67
"1789","Droit",10
"1789","Histoire de France",221
"1789","N/A",103
"1789","Périodiques",25
"1789","Presse et édition",1472
"1789","Savoir livre informatique",319
"1789","Science politique",238
"1790","Administration publique",13
"1790","Autre",88
"1790","Droit",4
"1790","Économie",2
"1790","Histoire de France",544
"1790","Loisirs sports arts du spectacle",6
"1790","N/A",108
"1790","Périodiques",9
"1790","Presse et édition",2961
"1790","Savoir livre informatique",709
"1790","Science politique",24
"1791","Administration publique",65
"1791","Autre",377
"1791","Droit",40
"1791","Économie",30
"1791","Histoire de France",711
"1791","Loisirs sports arts du spectacle",51
"1791","N/A",148
"1791","Périodiques",36
"1791","Presse et édition",4176
"1791","Savoir livre informatique",499
"1791","Science politique",25
"1792","Administration publique",8
"1792","Autre",123
"1792","Droit",10
"1792","Histoire de France",542
"1792","N/A",392
"1792","Périodiques",6
"1792","Presse et édition",3541
"1792","Savoir livre informatique",105
"1792","Science politique",4
"1793","Administration publique",2
"1793","Autre",261
"1793","Droit",73
"1793","Économie",1
"1793","Histoire de France",529
"1793","Loisirs sports arts du spectacle",1
"1793","N/A",362
"1793","Presse et édition",2493
"1793","Savoir livre informatique",498
"1794","Administration publique",15
"1794","Autre",283
"1794","Droit",117
"1794","Histoire de France",733
"1794","Loisirs sports arts du spectacle",23
"1794","N/A",374
"1794","Périodiques",4
"1794","Presse et édition",1916
"1794","Savoir livre informatique",395
"1794","Science politique",2
"1795","Administration publique",1
"1795","Autre",127
"1795","Droit",143
"1795","Économie",4
"1795","Histoire de France",528
"1795","Loisirs sports arts du spectacle",23
"1795","N/A",363
"1795","Périodiques",3
"1795","Presse et édition",1344
"1795","Savoir livre informatique",55
"1796","Administration publique",9
"1796","Autre",72
"1796","Droit",4
"1796","Histoire de France",736
"1796","N/A",365
"1796","Périodiques",1
"1796","Presse et édition",2353
"1796","Savoir livre informatique",22
"1796","Science politique",4
"1797","Administration publique",1
"1797","Autre",83
"1797","Droit",5
"1797","Histoire de France",637
"1797","Loisirs sports arts du spectacle",312
"1797","N/A",403
"1797","Périodiques",1
"1797","Presse et édition",2374
"1797","Savoir livre informatique",211
"1798","Administration publique",2
"1798","Autre",100
"1798","Droit",14
"1798","Économie",1
"1798","Histoire de France",368
"1798","Loisirs sports arts du spectacle",304
"1798","N/A",86
"1798","Presse et édition",2240
"1798","Savoir livre informatique",3
"1799","Administration publique",7
"1799","Autre",132
"1799","Droit",69
"1799","Économie",4
"1799","Histoire de France",368
"1799","Loisirs sports arts du spectacle",365
"1799","N/A",49
"1799","Périodiques",5
"1799","Presse et édition",1859
"1799","Savoir livre informatique",11
"1800","Administration publique",4
"1800","Autre",100
"1800","Droit",58
"1800","Économie",3
"1800","Histoire de France",367
"1800","Loisirs sports arts du spectacle",369
"1800","N/A",94
"1800","Périodiques",2
"1800","Presse et édition",1294
"1801","Administration publique",1
"1801","Autre",96
"1801","Droit",349
"1801","Économie",3
"1801","Histoire de France",364
"1801","Loisirs sports arts du spectacle",364
"1801","N/A",58
"1801","Presse et édition",792
"1801","Science politique",2
"1802","Administration publique",19
"1802","Autre",464
"1802","Droit",417
"1802","Économie",244
"1802","Histoire de France",367
"1802","Loisirs sports arts du spectacle",368
"1802","N/A",12
"1802","Presse et édition",880
"1802","Savoir livre informatique",1
"1802","Science politique",3
"1803","Administration publique",6
"1803","Autre",154
"1803","Droit",369
"1803","Économie",311
"1803","Histoire de France",371
"1803","Loisirs sports arts du spectacle",376
"1803","N/A",8
"1803","Périodiques",17
"1803","Presse et édition",854
"1803","Science politique",3
"1804","Administration publique",22
"1804","Autre",174
"1804","Droit",405
"1804","Économie",318
"1804","Histoire de France",369
"1804","Loisirs sports arts du spectacle",362
"1804","N/A",8
"1804","Périodiques",7
"1804","Presse et édition",1046
"1804","Savoir livre informatique",3
"1805","Administration publique",1
"1805","Autre",147
"1805","Droit",364
"1805","Économie",325
"1805","Histoire de France",365
"1805","Loisirs sports arts du spectacle",363
"1805","N/A",10
"1805","Périodiques",20
"1805","Presse et édition",771
"1805","Savoir livre informatique",3
"1805","Science politique",1
"1806","Administration publique",5
"1806","Autre",150
"1806","Droit",382
"1806","Économie",309
"1806","Histoire de France",366
"1806","Loisirs sports arts du spectacle",368
"1806","N/A",9
"1806","Périodiques",2
"1806","Presse et édition",775
"1806","Savoir livre informatique",3
"1806","Science politique",3
"1807","Administration publique",13
"1807","Autre",166
"1807","Droit",425
"1807","Économie",317
"1807","Histoire de France",372
"1807","Loisirs sports arts du spectacle",152
"1807","N/A",4
"1807","Périodiques",2
"1807","Presse et édition",1029
"1807","Savoir livre informatique",4
"1807","Science politique",4
"1808","Administration publique",4
"1808","Autre",131
"1808","Droit",462
"1808","Économie",260
"1808","Histoire de France",397
"1808","Loisirs sports arts du spectacle",2
"1808","N/A",6
"1808","Périodiques",10
"1808","Presse et édition",949
"1808","Science politique",3
"1809","Administration publique",5
"1809","Autre",143
"1809","Droit",390
"1809","Économie",312
"1809","Histoire de France",462
"1809","Loisirs sports arts du spectacle",5
"1809","N/A",17
"1809","Périodiques",17
"1809","Presse et édition",1159
"1809","Savoir livre informatique",5
"1809","Science politique",2
"1810","Administration publique",7
"1810","Autre",147
"1810","Droit",385
"1810","Économie",308
"1810","Histoire de France",420
"1810","Loisirs sports arts du spectacle",1
"1810","N/A",13
"1810","Périodiques",2
"1810","Presse et édition",931
"1811","Administration publique",4
"1811","Autre",155
"1811","Droit",392
"1811","Économie",306
"1811","Histoire de France",373
"1811","Loisirs sports arts du spectacle",2
"1811","N/A",9
"1811","Périodiques",4
"1811","Presse et édition",982
"1811","Science politique",2
"1812","Administration publique",6
"1812","Autre",192
"1812","Droit",391
"1812","Économie",316
"1812","Histoire de France",372
"1812","Loisirs sports arts du spectacle",11
"1812","N/A",2
"1812","Presse et édition",899
"1812","Science politique",1
"1813","Administration publique",33
"1813","Autre",154
"1813","Droit",412
"1813","Économie",312
"1813","Histoire de France",371
"1813","N/A",21
"1813","Périodiques",12
"1813","Presse et édition",997
"1814","Administration publique",19
"1814","Autre",101
"1814","Droit",410
"1814","Économie",312
"1814","Histoire de France",373
"1814","Loisirs sports arts du spectacle",11
"1814","N/A",24
"1814","Presse et édition",1390
"1814","Savoir livre informatique",1
"1814","Science politique",2
"1815","Administration publique",3
"1815","Autre",113
"1815","Droit",423
"1815","Économie",5
"1815","Histoire de France",367
"1815","Loisirs sports arts du spectacle",4
"1815","N/A",9
"1815","Périodiques",1
"1815","Presse et édition",1785
"1815","Savoir livre informatique",6
"1816","Administration publique",10
"1816","Autre",123
"1816","Droit",403
"1816","Économie",309
"1816","Histoire de France",365
"1816","Loisirs sports arts du spectacle",49
"1816","N/A",30
"1816","Périodiques",6
"1816","Presse et édition",1821
"1816","Science politique",7
"1817","Administration publique",4
"1817","Autre",262
"1817","Droit",430
"1817","Économie",308
"1817","Histoire de France",363
"1817","Loisirs sports arts du spectacle",16
"1817","N/A",32
"1817","Périodiques",4
"1817","Presse et édition",1660
"1817","Science politique",9
"1818","Administration publique",19
"1818","Autre",272
"1818","Droit",480
"1818","Économie",310
"1818","Histoire de France",372
"1818","Loisirs sports arts du spectacle",17
"1818","N/A",150
"1818","Périodiques",18
"1818","Presse et édition",1675
"1818","Savoir livre informatique",4
"1818","Science politique",2
"1819","Administration publique",4
"1819","Autre",258
"1819","Droit",429
"1819","Économie",308
"1819","Histoire de France",363
"1819","Loisirs sports arts du spectacle",113
"1819","N/A",14
"1819","Périodiques",182
"1819","Presse et édition",2077
"1819","Savoir livre informatique",58
"1819","Science politique",18
"1820","Administration publique",5
"1820","Autre",206
"1820","Droit",440
"1820","Économie",315
"1820","Histoire de France",367
"1820","Loisirs sports arts du spectacle",159
"1820","N/A",2
"1820","Périodiques",244
"1820","Presse et édition",2284
"1820","Savoir livre informatique",49
"1820","Science politique",7
"1821","Administration publique",4
"1821","Autre",287
"1821","Droit",481
"1821","Économie",318
"1821","Histoire de France",370
"1821","Loisirs sports arts du spectacle",20
"1821","N/A",43
"1821","Périodiques",352
"1821","Presse et édition",2684
"1821","Savoir livre informatique",47
"1821","Science politique",4
"1822","Administration publique",4
"1822","Autre",595
"1822","Droit",434
"1822","Économie",315
"1822","Histoire de France",377
"1822","Loisirs sports arts du spectacle",10
"1822","N/A",18
"1822","Périodiques",363
"1822","Presse et édition",2990
"1822","Savoir livre informatique",51
"1822","Science politique",1
"1823","Administration publique",7
"1823","Autre",321
"1823","Droit",432
"1823","Économie",317
"1823","Histoire de France",373
"1823","Loisirs sports arts du spectacle",17
"1823","N/A",9
"1823","Périodiques",361
"1823","Presse et édition",3102
"1823","Savoir livre informatique",51
"1823","Science politique",8
"1824","Administration publique",6
"1824","Autre",203
"1824","Droit",493
"1824","Économie",304
"1824","Histoire de France",389
"1824","Loisirs sports arts du spectacle",62
"1824","N/A",14
"1824","Périodiques",366
"1824","Presse et édition",2929
"1824","Savoir livre informatique",53
"1825","Administration publique",5
"1825","Autre",63
"1825","Droit",436
"1825","Économie",303
"1825","Histoire de France",361
"1825","N/A",21
"1825","Périodiques",354
"1825","Presse et édition",2816
"1825","Savoir livre informatique",52
"1826","Administration publique",4
"1826","Autre",283
"1826","Droit",599
"1826","Économie",307
"1826","Histoire de France",361
"1826","Loisirs sports arts du spectacle",1
"1826","N/A",314
"1826","Périodiques",362
"1826","Presse et édition",3171
"1826","Savoir livre informatique",52
"1827","Administration publique",7
"1827","Autre",123
"1827","Droit",699
"1827","Économie",310
"1827","Histoire de France",359
"1827","Loisirs sports arts du spectacle",1
"1827","N/A",369
"1827","Périodiques",361
"1827","Presse et édition",2217
"1827","Savoir livre informatique",203
"1828","Administration publique",5
"1828","Autre",165
"1828","Droit",777
"1828","Économie",311
"1828","Histoire de France",364
"1828","Loisirs sports arts du spectacle",49
"1828","N/A",366
"1828","Périodiques",414
"1828","Presse et édition",2659
"1828","Savoir livre informatique",416
"1829","Administration publique",8
"1829","Autre",185
"1829","Droit",833
"1829","Économie",339
"1829","Histoire de France",364
"1829","Loisirs sports arts du spectacle",12
"1829","N/A",358
"1829","Périodiques",566
"1829","Presse et édition",3144
"1829","Savoir livre informatique",418
"1830","Administration publique",3
"1830","Autre",480
"1830","Droit",750
"1830","Économie",303
"1830","Histoire de France",360
"1830","Loisirs sports arts du spectacle",87
"1830","N/A",286
"1830","Périodiques",576
"1830","Presse et édition",3462
"1830","Savoir livre informatique",46
"1831","Administration publique",9
"1831","Autre",343
"1831","Droit",457
"1831","Économie",313
"1831","Histoire de France",274
"1831","Loisirs sports arts du spectacle",33
"1831","N/A",377
"1831","Périodiques",360
"1831","Presse et édition",3367
"1831","Savoir livre informatique",49
"1832","Administration publique",7
"1832","Autre",289
"1832","Droit",449
"1832","Économie",315
"1832","Histoire de France",249
"1832","Loisirs sports arts du spectacle",81
"1832","N/A",411
"1832","Périodiques",366
"1832","Presse et édition",3283
"1833","Administration publique",16
"1833","Autre",502
"1833","Droit",443
"1833","Économie",314
"1833","Histoire de France",367
"1833","Loisirs sports arts du spectacle",26
"1833","N/A",408
"1833","Périodiques",455
"1833","Presse et édition",3951
"1833","Savoir livre informatique",149
"1834","Administration publique",17
"1834","Autre",442
"1834","Droit",446
"1834","Économie",310
"1834","Histoire de France",366
"1834","Loisirs sports arts du spectacle",78
"1834","N/A",369
"1834","Périodiques",391
"1834","Presse et édition",4100
"1834","Savoir livre informatique",7
"1835","Administration publique",11
"1835","Autre",371
"1835","Droit",471
"1835","Économie",316
"1835","Histoire de France",366
"1835","Loisirs sports arts du spectacle",126
"1835","N/A",230
"1835","Périodiques",365
"1835","Presse et édition",4349
"1835","Savoir livre informatique",291
"1836","Administration publique",17
"1836","Autre",444
"1836","Droit",807
"1836","Économie",322
"1836","Histoire de France",370
"1836","Loisirs sports arts du spectacle",112
"1836","N/A",202
"1836","Périodiques",366
"1836","Presse et édition",4408
"1836","Savoir livre informatique",396
"1837","Administration publique",32
"1837","Autre",552
"1837","Droit",817
"1837","Économie",14
"1837","Histoire de France",374
"1837","Loisirs sports arts du spectacle",17
"1837","N/A",388
"1837","Périodiques",372
"1837","Presse et édition",4723
"1837","Savoir livre informatique",986
"1838","Administration publique",29
"1838","Autre",594
"1838","Droit",757
"1838","Économie",314
"1838","Histoire de France",369
"1838","Loisirs sports arts du spectacle",18
"1838","N/A",256
"1838","Périodiques",373
"1838","Presse et édition",4362
"1838","Savoir livre informatique",695
"1839","Administration publique",28
"1839","Autre",304
"1839","Droit",737
"1839","Économie",316
"1839","Histoire de France",386
"1839","N/A",157
"1839","Périodiques",373
"1839","Presse et édition",4343
"1839","Savoir livre informatique",556
"1839","Science politique",1
"1840","Administration publique",40
"1840","Autre",341
"1840","Droit",763
"1840","Économie",320
"1840","Histoire de France",377
"1840","Loisirs sports arts du spectacle",20
"1840","N/A",171
"1840","Périodiques",428
"1840","Presse et édition",3873
"1840","Savoir livre informatique",574
"1840","Science politique",1
"1841","Administration publique",58
"1841","Autre",382
"1841","Droit",754
"1841","Économie",318
"1841","Histoire de France",372
"1841","Loisirs sports arts du spectacle",205
"1841","N/A",59
"1841","Périodiques",378
"1841","Presse et édition",4228
"1841","Savoir livre informatique",653
"1841","Science politique",1
"1842","Administration publique",62
"1842","Autre",247
"1842","Droit",736
"1842","Économie",293
"1842","Histoire de France",377
"1842","Loisirs sports arts du spectacle",126
"1842","N/A",91
"1842","Périodiques",424
"1842","Presse et édition",4328
"1842","Savoir livre informatique",528
"1843","Administration publique",71
"1843","Autre",476
"1843","Droit",757
"1843","Économie",319
"1843","Histoire de France",373
"1843","Loisirs sports arts du spectacle",189
"1843","N/A",71
"1843","Périodiques",56
"1843","Presse et édition",4739
"1843","Savoir livre informatique",409
"1843","Science politique",4
"1844","Administration publique",90
"1844","Autre",544
"1844","Droit",763
"1844","Économie",25
"1844","Histoire de France",373
"1844","Loisirs sports arts du spectacle",308
"1844","N/A",54
"1844","Périodiques",5
"1844","Presse et édition",5333
"1844","Savoir livre informatique",390
"1844","Science politique",66
"1845","Administration publique",162
"1845","Autre",429
"1845","Droit",760
"1845","Économie",320
"1845","Histoire de France",374
"1845","Loisirs sports arts du spectacle",297
"1845","N/A",47
"1845","Périodiques",7
"1845","Presse et édition",5776
"1845","Savoir livre informatique",392
"1845","Science politique",3
"1846","Administration publique",95
"1846","Autre",374
"1846","Droit",763
"1846","Économie",321
"1846","Histoire de France",375
"1846","Loisirs sports arts du spectacle",324
"1846","N/A",107
"1846","Périodiques",79
"1846","Presse et édition",5275
"1846","Savoir livre informatique",771
"1846","Science politique",2
"1847","Administration publique",146
"1847","Autre",227
"1847","Droit",762
"1847","Économie",325
"1847","Histoire de France",373
"1847","Loisirs sports arts du spectacle",179
"1847","N/A",98
"1847","Périodiques",106
"1847","Presse et édition",4656
"1847","Savoir livre informatique",767
"1847","Science politique",1
"1848","Administration publique",148
"1848","Autre",223
"1848","Droit",729
"1848","Économie",13
"1848","Histoire de France",445
"1848","Loisirs sports arts du spectacle",139
"1848","N/A",71
"1848","Périodiques",366
"1848","Presse et édition",5864
"1848","Savoir livre informatique",974
"1848","Science politique",12
"1849","Administration publique",83
"1849","Autre",341
"1849","Droit",718
"1849","Économie",319
"1849","Histoire de France",365
"1849","Loisirs sports arts du spectacle",25
"1849","N/A",72
"1849","Périodiques",355
"1849","Presse et édition",7651
"1849","Savoir livre informatique",755
"1849","Science politique",23
"1850","Administration publique",85
"1850","Autre",349
"1850","Droit",768
"1850","Économie",321
"1850","Histoire de France",373
"1850","Loisirs sports arts du spectacle",652
"1850","N/A",79
"1850","Périodiques",350
"1850","Presse et édition",8534
"1850","Savoir livre informatique",532
"1850","Science politique",40
"1851","Administration publique",95
"1851","Autre",455
"1851","Droit",750
"1851","Économie",318
"1851","Histoire de France",373
"1851","Loisirs sports arts du spectacle",779
"1851","N/A",73
"1851","Périodiques",74
"1851","Presse et édition",8090
"1851","Savoir livre informatique",406
"1851","Science politique",8
"1852","Administration publique",110
"1852","Autre",311
"1852","Droit",791
"1852","Économie",13
"1852","Histoire de France",375
"1852","Loisirs sports arts du spectacle",891
"1852","N/A",43
"1852","Périodiques",8
"1852","Presse et édition",6527
"1852","Savoir livre informatique",377
"1852","Science politique",2
"1853","Administration publique",131
"1853","Autre",397
"1853","Droit",747
"1853","Économie",328
"1853","Histoire de France",379
"1853","Loisirs sports arts du spectacle",444
"1853","N/A",115
"1853","Périodiques",11
"1853","Presse et édition",5529
"1853","Savoir livre informatique",233
"1853","Science politique",1
"1854","Administration publique",132
"1854","Autre",396
"1854","Droit",762
"1854","Économie",321
"1854","Histoire de France",380
"1854","Loisirs sports arts du spectacle",451
"1854","N/A",63
"1854","Périodiques",47
"1854","Presse et édition",5263
"1854","Savoir livre informatique",115
"1854","Science politique",1
"1855","Administration publique",127
"1855","Autre",653
"1855","Droit",679
"1855","Économie",105
"1855","Histoire de France",386
"1855","Loisirs sports arts du spectacle",337
"1855","N/A",73
"1855","Périodiques",52
"1855","Presse et édition",4956
"1855","Savoir livre informatique",41
"1855","Science politique",1
"1856","Administration publique",126
"1856","Autre",553
"1856","Droit",709
"1856","Économie",499
"1856","Histoire de France",381
"1856","Loisirs sports arts du spectacle",379
"1856","N/A",50
"1856","Périodiques",38
"1856","Presse et édition",5104
"1856","Savoir livre informatique",303
"1856","Science politique",1
"1857","Administration publique",115
"1857","Autre",645
"1857","Droit",672
"1857","Économie",549
"1857","Histoire de France",374
"1857","Loisirs sports arts du spectacle",158
"1857","N/A",114
"1857","Périodiques",64
"1857","Presse et édition",5508
"1857","Savoir livre informatique",419
"1857","Science politique",1
"1858","Administration publique",127
"1858","Autre",751
"1858","Droit",698
"1858","Économie",698
"1858","Histoire de France",379
"1858","Loisirs sports arts du spectacle",185
"1858","N/A",62
"1858","Périodiques",53
"1858","Presse et édition",4718
"1858","Savoir livre informatique",414
"1858","Science politique",2
"1859","Administration publique",134
"1859","Autre",781
"1859","Droit",708
"1859","Économie",469
"1859","Histoire de France",383
"1859","Loisirs sports arts du spectacle",143
"1859","N/A",71
"1859","Périodiques",60
"1859","Presse et édition",5292
"1859","Savoir livre informatique",349
"1859","Science politique",7
"1860","Administration publique",138
"1860","Autre",1091
"1860","Droit",706
"1860","Économie",682
"1860","Histoire de France",385
"1860","Loisirs sports arts du spectacle",65
"1860","N/A",56
"1860","Périodiques",35
"1860","Presse et édition",5770
"1860","Savoir livre informatique",315
"1860","Science politique",7
"1861","Administration publique",146
"1861","Autre",930
"1861","Droit",717
"1861","Économie",421
"1861","Histoire de France",381
"1861","Loisirs sports arts du spectacle",114
"1861","N/A",18
"1861","Périodiques",36
"1861","Presse et édition",6240
"1861","Savoir livre informatique",310
"1861","Science politique",8
"1862","Administration publique",110
"1862","Autre",1044
"1862","Droit",756
"1862","Économie",447
"1862","Histoire de France",380
"1862","Loisirs sports arts du spectacle",84
"1862","N/A",16
"1862","Périodiques",20
"1862","Presse et édition",5858
"1862","Savoir livre informatique",324
"1862","Science politique",4
"1863","Administration publique",117
"1863","Autre",1275
"1863","Droit",695
"1863","Économie",495
"1863","Histoire de France",391
"1863","Loisirs sports arts du spectacle",86
"1863","N/A",397
"1863","Périodiques",108
"1863","Presse et édition",6533
"1863","Savoir livre informatique",609
"1863","Science politique",4
"1864","Administration publique",118
"1864","Autre",1430
"1864","Droit",665
"1864","Économie",403
"1864","Histoire de France",388
"1864","Loisirs sports arts du spectacle",164
"1864","N/A",499
"1864","Périodiques",147
"1864","Presse et édition",5938
"1864","Savoir livre informatique",505
"1864","Science politique",4
"1865","Administration publique",123
"1865","Autre",1656
"1865","Droit",617
"1865","Économie",429
"1865","Histoire de France",385
"1865","Loisirs sports arts du spectacle",156
"1865","N/A",536
"1865","Périodiques",169
"1865","Presse et édition",6644
"1865","Savoir livre informatique",558
"1865","Science politique",3
"1866","Administration publique",123
"1866","Autre",1568
"1866","Droit",649
"1866","Économie",382
"1866","Histoire de France",391
"1866","Loisirs sports arts du spectacle",119
"1866","N/A",588
"1866","Périodiques",97
"1866","Presse et édition",6672
"1866","Savoir livre informatique",488
"1866","Science politique",3
"1867","Administration publique",119
"1867","Autre",1014
"1867","Droit",782
"1867","Économie",330
"1867","Histoire de France",386
"1867","Loisirs sports arts du spectacle",167
"1867","N/A",560
"1867","Périodiques",72
"1867","Presse et édition",7437
"1867","Savoir livre informatique",393
"1867","Science politique",2
"1868","Administration publique",120
"1868","Autre",1136
"1868","Droit",745
"1868","Économie",495
"1868","Histoire de France",385
"1868","Loisirs sports arts du spectacle",236
"1868","N/A",537
"1868","Périodiques",135
"1868","Presse et édition",8670
"1868","Savoir livre informatique",519
"1868","Science politique",3
"1869","Administration publique",505
"1869","Autre",981
"1869","Droit",739
"1869","Économie",775
"1869","Histoire de France",384
"1869","Loisirs sports arts du spectacle",177
"1869","N/A",567
"1869","Périodiques",131
"1869","Presse et édition",10617
"1869","Savoir livre informatique",600
"1869","Science politique",5
"1870","Administration publique",443
"1870","Autre",928
"1870","Droit",744
"1870","Économie",677
"1870","Histoire de France",523
"1870","Loisirs sports arts du spectacle",69
"1870","N/A",813
"1870","Périodiques",135
"1870","Presse et édition",10790
"1870","Savoir livre informatique",1418
"1870","Science politique",2
"1871","Administration publique",499
"1871","Autre",486
"1871","Droit",678
"1871","Économie",819
"1871","Histoire de France",459
"1871","Loisirs sports arts du spectacle",50
"1871","N/A",580
"1871","Périodiques",100
"1871","Presse et édition",9944
"1871","Savoir livre informatique",1697
"1871","Science politique",202
"1872","Administration publique",546
"1872","Autre",1014
"1872","Droit",820
"1872","Économie",742
"1872","Histoire de France",386
"1872","Loisirs sports arts du spectacle",131
"1872","N/A",653
"1872","Périodiques",139
"1872","Presse et édition",12421
"1872","Savoir livre informatique",1250
"1872","Science politique",233
"1873","Administration publique",477
"1873","Autre",992
"1873","Droit",882
"1873","Économie",710
"1873","Histoire de France",393
"1873","Loisirs sports arts du spectacle",106
"1873","N/A",717
"1873","Périodiques",122
"1873","Presse et édition",14156
"1873","Savoir livre informatique",1039
"1873","Science politique",199
"1874","Administration publique",526
"1874","Autre",1094
"1874","Droit",853
"1874","Économie",997
"1874","Histoire de France",397
"1874","Loisirs sports arts du spectacle",121
"1874","N/A",687
"1874","Périodiques",120
"1874","Presse et édition",14422
"1874","Savoir livre informatique",806
"1874","Science politique",180
"1875","Administration publique",555
"1875","Autre",1870
"1875","Droit",817
"1875","Économie",1032
"1875","Histoire de France",394
"1875","Loisirs sports arts du spectacle",141
"1875","N/A",1195
"1875","Périodiques",148
"1875","Presse et édition",15109
"1875","Savoir livre informatique",593
"1875","Science politique",207
"1876","Administration publique",611
"1876","Autre",1429
"1876","Droit",749
"1876","Économie",1034
"1876","Histoire de France",397
"1876","Loisirs sports arts du spectacle",179
"1876","N/A",963
"1876","Périodiques",131
"1876","Presse et édition",16185
"1876","Savoir livre informatique",1011
"1876","Science politique",303
"1877","Administration publique",651
"1877","Autre",1021
"1877","Droit",761
"1877","Économie",1018
"1877","Histoire de France",407
"1877","Loisirs sports arts du spectacle",179
"1877","N/A",961
"1877","Périodiques",153
"1877","Presse et édition",16805
"1877","Savoir livre informatique",973
"1877","Science politique",229
"1878","Administration publique",571
"1878","Autre",1008
"1878","Droit",791
"1878","Économie",994
"1878","Histoire de France",410
"1878","Loisirs sports arts du spectacle",216
"1878","N/A",685
"1878","Périodiques",145
"1878","Presse et édition",17384
"1878","Savoir livre informatique",1283
"1878","Science politique",285
"1879","Administration publique",720
"1879","Autre",990
"1879","Droit",913
"1879","Économie",1049
"1879","Histoire de France",402
"1879","Loisirs sports arts du spectacle",169
"1879","N/A",688
"1879","Périodiques",147
"1879","Presse et édition",18209
"1879","Savoir livre informatique",1378
"1879","Science politique",351
"1880","Administration publique",741
"1880","Autre",1248
"1880","Droit",830
"1880","Économie",1108
"1880","Histoire de France",652
"1880","Loisirs sports arts du spectacle",149
"1880","N/A",1340
"1880","Périodiques",135
"1880","Presse et édition",18931
"1880","Savoir livre informatique",1621
"1880","Science politique",441
"1881","Administration publique",482
"1881","Autre",1226
"1881","Droit",1755
"1881","Économie",1101
"1881","Histoire de France",458
"1881","Loisirs sports arts du spectacle",177
"1881","N/A",1527
"1881","Périodiques",128
"1881","Presse et édition",20249
"1881","Savoir livre informatique",1636
"1881","Science politique",262
"1882","Administration publique",570
"1882","Autre",1836
"1882","Droit",1865
"1882","Économie",1099
"1882","Histoire de France",431
"1882","Loisirs sports arts du spectacle",510
"1882","N/A",2413
"1882","Périodiques",241
"1882","Presse et édition",22040
"1882","Savoir livre informatique",1742
"1882","Science politique",282
"1883","Administration publique",1119
"1883","Autre",1900
"1883","Droit",1758
"1883","Économie",1092
"1883","Histoire de France",404
"1883","Loisirs sports arts du spectacle",479
"1883","N/A",2377
"1883","Périodiques",244
"1883","Presse et édition",21302
"1883","Savoir livre informatique",1478
"1883","Science politique",294
"1884","Administration publique",921
"1884","Autre",1725
"1884","Droit",1784
"1884","Économie",1108
"1884","Histoire de France",404
"1884","Loisirs sports arts du spectacle",471
"1884","N/A",2483
"1884","Périodiques",220
"1884","Presse et édition",21551
"1884","Savoir livre informatique",1468
"1884","Science politique",631
"1885","Administration publique",971
"1885","Autre",1826
"1885","Droit",1707
"1885","Économie",1106
"1885","Histoire de France",396
"1885","Loisirs sports arts du spectacle",549
"1885","N/A",2198
"1885","Périodiques",247
"1885","Presse et édition",22047
"1885","Savoir livre informatique",1459
"1885","Science politique",649
"1886","Administration publique",1075
"1886","Autre",1951
"1886","Droit",1717
"1886","Économie",1108
"1886","Histoire de France",404
"1886","Loisirs sports arts du spectacle",637
"1886","N/A",2100
"1886","Périodiques",187
"1886","Presse et édition",22678
"1886","Savoir livre informatique",1543
"1886","Science politique",611
"1887","Administration publique",1348
"1887","Autre",1714
"1887","Droit",1665
"1887","Économie",1172
"1887","Histoire de France",411
"1887","Loisirs sports arts du spectacle",591
"1887","N/A",2390
"1887","Périodiques",269
"1887","Presse et édition",23413
"1887","Savoir livre informatique",1541
"1887","Science politique",618
"1888","Administration publique",1289
"1888","Autre",1841
"1888","Droit",1702
"1888","Économie",1181
"1888","Histoire de France",411
"1888","Loisirs sports arts du spectacle",618
"1888","N/A",2538
"1888","Périodiques",294
"1888","Presse et édition",24210
"1888","Savoir livre informatique",1686
"1888","Science politique",611
"1889","Administration publique",1231
"1889","Autre",2133
"1889","Droit",1724
"1889","Économie",1074
"1889","Histoire de France",409
"1889","Loisirs sports arts du spectacle",782
"1889","N/A",2464
"1889","Périodiques",302
"1889","Presse et édition",26530
"1889","Savoir livre informatique",1766
"1889","Science politique",574
"1890","Administration publique",1204
"1890","Autre",2259
"1890","Droit",1724
"1890","Économie",1067
"1890","Histoire de France",407
"1890","Loisirs sports arts du spectacle",506
"1890","N/A",2424
"1890","Périodiques",304
"1890","Presse et édition",26720
"1890","Savoir livre informatique",1704
"1890","Science politique",610
"1891","Administration publique",1224
"1891","Autre",2041
"1891","Droit",1863
"1891","Économie",1053
"1891","Histoire de France",408
"1891","Loisirs sports arts du spectacle",545
"1891","N/A",2673
"1891","Périodiques",359
"1891","Presse et édition",26623
"1891","Savoir livre informatique",1860
"1891","Science politique",667
"1892","Administration publique",1142
"1892","Autre",2188
"1892","Droit",1743
"1892","Économie",1139
"1892","Histoire de France",421
"1892","Loisirs sports arts du spectacle",618
"1892","N/A",2691
"1892","Périodiques",417
"1892","Presse et édition",27188
"1892","Savoir livre informatique",2052
"1892","Science politique",745
"1893","Administration publique",1302
"1893","Autre",2306
"1893","Droit",2078
"1893","Économie",1152
"1893","Histoire de France",417
"1893","Loisirs sports arts du spectacle",1250
"1893","N/A",2846
"1893","Périodiques",424
"1893","Presse et édition",26539
"1893","Savoir livre informatique",2486
"1893","Science politique",823
"1894","Administration publique",1233
"1894","Autre",3064
"1894","Droit",2085
"1894","Économie",1170
"1894","Histoire de France",411
"1894","Loisirs sports arts du spectacle",1098
"1894","N/A",2539
"1894","Périodiques",370
"1894","Presse et édition",27113
"1894","Savoir livre informatique",2584
"1894","Science politique",948
"1895","Administration publique",1218
"1895","Autre",3029
"1895","Droit",2064
"1895","Économie",1341
"1895","Histoire de France",427
"1895","Loisirs sports arts du spectacle",1042
"1895","N/A",2604
"1895","Périodiques",379
"1895","Presse et édition",26999
"1895","Savoir livre informatique",2871
"1895","Science politique",1262
"1896","Administration publique",1175
"1896","Autre",3203
"1896","Droit",1733
"1896","Économie",1304
"1896","Histoire de France",417
"1896","Loisirs sports arts du spectacle",1041
"1896","N/A",2759
"1896","Périodiques",494
"1896","Presse et édition",26658
"1896","Savoir livre informatique",2825
"1896","Science politique",1114
"1897","Administration publique",1440
"1897","Autre",3541
"1897","Droit",1715
"1897","Économie",1476
"1897","Histoire de France",413
"1897","Loisirs sports arts du spectacle",1137
"1897","N/A",2717
"1897","Périodiques",483
"1897","Presse et édition",25651
"1897","Savoir livre informatique",2919
"1897","Science politique",1320
"1898","Administration publique",1521
"1898","Autre",3896
"1898","Droit",1693
"1898","Économie",1379
"1898","Histoire de France",465
"1898","Loisirs sports arts du spectacle",904
"1898","N/A",2849
"1898","Périodiques",418
"1898","Presse et édition",26014
"1898","Savoir livre informatique",2717
"1898","Science politique",1274
"1899","Administration publique",1361
"1899","Autre",3411
"1899","Droit",1681
"1899","Économie",871
"1899","Histoire de France",439
"1899","Loisirs sports arts du spectacle",1061
"1899","N/A",2886
"1899","Périodiques",468
"1899","Presse et édition",26193
"1899","Savoir livre informatique",2780
"1899","Science politique",1307
"1900","Administration publique",1452
"1900","Autre",3418
"1900","Droit",1693
"1900","Économie",1051
"1900","Histoire de France",418
"1900","Loisirs sports arts du spectacle",970
"1900","N/A",2892
"1900","Périodiques",290
"1900","Presse et édition",26647
"1900","Savoir livre informatique",2930
"1900","Science politique",1313
"1901","Administration publique",1429
"1901","Autre",3341
"1901","Droit",1729
"1901","Économie",839
"1901","Histoire de France",240
"1901","Loisirs sports arts du spectacle",1319
"1901","N/A",3221
"1901","Périodiques",354
"1901","Presse et édition",27218
"1901","Savoir livre informatique",2296
"1901","Science politique",1565
"1902","Administration publique",1646
"1902","Autre",3263
"1902","Droit",1622
"1902","Économie",1129
"1902","Histoire de France",56
"1902","Loisirs sports arts du spectacle",1337
"1902","N/A",3388
"1902","Périodiques",332
"1902","Presse et édition",27664
"1902","Savoir livre informatique",2539
"1902","Science politique",1446
"1903","Administration publique",1691
"1903","Autre",3373
"1903","Droit",1675
"1903","Économie",1162
"1903","Histoire de France",63
"1903","Loisirs sports arts du spectacle",1374
"1903","N/A",3437
"1903","Périodiques",366
"1903","Presse et édition",27788
"1903","Savoir livre informatique",2755
"1903","Science politique",1410
"1904","Administration publique",1574
"1904","Autre",3583
"1904","Droit",1650
"1904","Économie",1106
"1904","Histoire de France",63
"1904","Loisirs sports arts du spectacle",1349
"1904","N/A",2938
"1904","Périodiques",389
"1904","Presse et édition",27976
"1904","Savoir livre informatique",2654
"1904","Science politique",1429
"1905","Administration publique",1494
"1905","Autre",3406
"1905","Droit",1651
"1905","Économie",1136
"1905","Histoire de France",69
"1905","Loisirs sports arts du spectacle",1080
"1905","N/A",2652
"1905","Périodiques",302
"1905","Presse et édition",27462
"1905","Savoir livre informatique",2707
"1905","Science politique",1461
"1906","Administration publique",1382
"1906","Autre",2894
"1906","Droit",1689
"1906","Économie",1219
"1906","Histoire de France",69
"1906","Loisirs sports arts du spectacle",1073
"1906","N/A",2680
"1906","Périodiques",401
"1906","Presse et édition",28120
"1906","Savoir livre informatique",2776
"1906","Science politique",1414
"1907","Administration publique",1070
"1907","Autre",3275
"1907","Droit",1662
"1907","Économie",924
"1907","Histoire de France",71
"1907","Loisirs sports arts du spectacle",1093
"1907","N/A",3081
"1907","Périodiques",468
"1907","Presse et édition",26451
"1907","Savoir livre informatique",3047
"1907","Science politique",1743
"1908","Administration publique",830
"1908","Autre",3248
"1908","Droit",1640
"1908","Économie",1166
"1908","Histoire de France",103
"1908","Loisirs sports arts du spectacle",1035
"1908","N/A",3257
"1908","Périodiques",473
"1908","Presse et édition",25020
"1908","Savoir livre informatique",2999
"1908","Science politique",1806
"1909","Administration publique",971
"1909","Autre",3083
"1909","Droit",1733
"1909","Économie",1229
"1909","Histoire de France",78
"1909","Loisirs sports arts du spectacle",1060
"1909","N/A",2521
"1909","Périodiques",458
"1909","Presse et édition",24909
"1909","Savoir livre informatique",2480
"1909","Science politique",1179
"1910","Administration publique",1169
"1910","Autre",2748
"1910","Droit",1563
"1910","Économie",1515
"1910","Histoire de France",99
"1910","Loisirs sports arts du spectacle",1075
"1910","N/A",2861
"1910","Périodiques",382
"1910","Presse et édition",24805
"1910","Savoir livre informatique",2635
"1910","Science politique",1450
"1911","Administration publique",981
"1911","Autre",2760
"1911","Droit",1687
"1911","Économie",1829
"1911","Histoire de France",87
"1911","Loisirs sports arts du spectacle",1147
"1911","N/A",2522
"1911","Périodiques",235
"1911","Presse et édition",25812
"1911","Savoir livre informatique",2414
"1911","Science politique",1417
"1912","Administration publique",1314
"1912","Autre",3176
"1912","Droit",1717
"1912","Économie",1402
"1912","Histoire de France",92
"1912","Loisirs sports arts du spectacle",1113
"1912","N/A",2506
"1912","Périodiques",247
"1912","Presse et édition",26025
"1912","Savoir livre informatique",2600
"1912","Science politique",1408
"1913","Administration publique",959
"1913","Autre",3414
"1913","Droit",1792
"1913","Économie",1430
"1913","Histoire de France",85
"1913","Loisirs sports arts du spectacle",1165
"1913","N/A",3204
"1913","Périodiques",213
"1913","Presse et édition",26829
"1913","Savoir livre informatique",2601
"1913","Science politique",1455
"1914","Administration publique",1118
"1914","Autre",2493
"1914","Droit",1535
"1914","Économie",990
"1914","Histoire de France",190
"1914","Loisirs sports arts du spectacle",694
"1914","N/A",3178
"1914","Périodiques",151
"1914","Presse et édition",22312
"1914","Savoir livre informatique",2751
"1914","Science politique",1461
"1915","Administration publique",1010
"1915","Autre",2012
"1915","Droit",1343
"1915","Économie",761
"1915","Histoire de France",319
"1915","Loisirs sports arts du spectacle",393
"1915","N/A",2977
"1915","Périodiques",75
"1915","Presse et édition",17983
"1915","Savoir livre informatique",2619
"1915","Science politique",1493
"1916","Administration publique",1139
"1916","Autre",2177
"1916","Droit",1407
"1916","Économie",682
"1916","Histoire de France",247
"1916","Loisirs sports arts du spectacle",556
"1916","N/A",3283
"1916","Périodiques",254
"1916","Presse et édition",19816
"1916","Savoir livre informatique",2563
"1916","Science politique",1977
"1917","Administration publique",1102
"1917","Autre",1955
"1917","Droit",1461
"1917","Économie",869
"1917","Histoire de France",349
"1917","Loisirs sports arts du spectacle",611
"1917","N/A",3166
"1917","Périodiques",312
"1917","Presse et édition",20166
"1917","Savoir livre informatique",2460
"1917","Science politique",2103
"1918","Administration publique",919
"1918","Autre",1863
"1918","Droit",1375
"1918","Économie",816
"1918","Histoire de France",292
"1918","Loisirs sports arts du spectacle",539
"1918","N/A",2753
"1918","Périodiques",342
"1918","Presse et édition",20454
"1918","Savoir livre informatique",2085
"1918","Science politique",2241
"1919","Administration publique",1041
"1919","Autre",1766
"1919","Droit",1462
"1919","Économie",791
"1919","Histoire de France",168
"1919","Loisirs sports arts du spectacle",759
"1919","N/A",3049
"1919","Périodiques",307
"1919","Presse et édition",22152
"1919","Savoir livre informatique",2242
"1919","Science politique",3308
"1920","Administration publique",1010
"1920","Autre",1948
"1920","Droit",1438
"1920","Économie",840
"1920","Histoire de France",128
"1920","Loisirs sports arts du spectacle",1005
"1920","N/A",2821
"1920","Périodiques",394
"1920","Presse et édition",23416
"1920","Savoir livre informatique",1912
"1920","Science politique",1879
"1921","Administration publique",1063
"1921","Autre",2558
"1921","Droit",1496
"1921","Économie",1284
"1921","Histoire de France",67
"1921","Loisirs sports arts du spectacle",1148
"1921","N/A",2726
"1921","Périodiques",385
"1921","Presse et édition",23332
"1921","Savoir livre informatique",2102
"1921","Science politique",2223
"1922","Administration publique",1043
"1922","Autre",2670
"1922","Droit",1497
"1922","Économie",1359
"1922","Histoire de France",79
"1922","Loisirs sports arts du spectacle",1253
"1922","N/A",2722
"1922","Périodiques",375
"1922","Presse et édition",22308
"1922","Savoir livre informatique",2195
"1922","Science politique",2176
"1923","Administration publique",1246
"1923","Autre",2794
"1923","Droit",1456
"1923","Économie",1403
"1923","Histoire de France",81
"1923","Loisirs sports arts du spectacle",1359
"1923","N/A",2906
"1923","Périodiques",385
"1923","Presse et édition",23198
"1923","Savoir livre informatique",2534
"1923","Science politique",2214
"1924","Administration publique",780
"1924","Autre",2639
"1924","Droit",1430
"1924","Économie",1414
"1924","Histoire de France",85
"1924","Loisirs sports arts du spectacle",1429
"1924","N/A",3397
"1924","Périodiques",304
"1924","Presse et édition",22543
"1924","Savoir livre informatique",2532
"1924","Science politique",2110
"1925","Administration publique",798
"1925","Autre",2757
"1925","Droit",1389
"1925","Économie",1370
"1925","Histoire de France",78
"1925","Loisirs sports arts du spectacle",1350
"1925","N/A",3228
"1925","Périodiques",461
"1925","Presse et édition",22159
"1925","Savoir livre informatique",2803
"1925","Science politique",1537
"1926","Administration publique",1043
"1926","Autre",2558
"1926","Droit",1367
"1926","Économie",1219
"1926","Histoire de France",79
"1926","Loisirs sports arts du spectacle",1337
"1926","N/A",3461
"1926","Périodiques",408
"1926","Presse et édition",21247
"1926","Savoir livre informatique",2865
"1926","Science politique",1745
"1927","Administration publique",1316
"1927","Autre",2633
"1927","Droit",1339
"1927","Économie",1169
"1927","Histoire de France",58
"1927","Loisirs sports arts du spectacle",1464
"1927","N/A",3246
"1927","Périodiques",471
"1927","Presse et édition",20858
"1927","Savoir livre informatique",2696
"1927","Science politique",2067
"1928","Administration publique",1313
"1928","Autre",2601
"1928","Droit",1342
"1928","Économie",1205
"1928","Histoire de France",57
"1928","Loisirs sports arts du spectacle",1517
"1928","N/A",3337
"1928","Périodiques",592
"1928","Presse et édition",20824
"1928","Savoir livre informatique",2778
"1928","Science politique",2113
"1929","Administration publique",1119
"1929","Autre",2711
"1929","Droit",1392
"1929","Économie",930
"1929","Histoire de France",57
"1929","Loisirs sports arts du spectacle",1399
"1929","N/A",3267
"1929","Périodiques",365
"1929","Presse et édition",20311
"1929","Savoir livre informatique",2637
"1929","Science politique",2100
"1930","Administration publique",1248
"1930","Autre",2895
"1930","Droit",1340
"1930","Économie",1101
"1930","Histoire de France",66
"1930","Loisirs sports arts du spectacle",1443
"1930","N/A",2928
"1930","Périodiques",414
"1930","Presse et édition",19616
"1930","Savoir livre informatique",2612
"1930","Science politique",1817
"1931","Administration publique",1284
"1931","Autre",2911
"1931","Droit",1424
"1931","Économie",1146
"1931","Histoire de France",61
"1931","Loisirs sports arts du spectacle",1281
"1931","N/A",3233
"1931","Périodiques",363
"1931","Presse et édition",19209
"1931","Savoir livre informatique",2649
"1931","Science politique",2228
"1932","Administration publique",977
"1932","Autre",2862
"1932","Droit",1341
"1932","Économie",1125
"1932","Histoire de France",53
"1932","Loisirs sports arts du spectacle",1379
"1932","N/A",3232
"1932","Périodiques",374
"1932","Presse et édition",18740
"1932","Savoir livre informatique",2820
"1932","Science politique",1266
"1933","Administration publique",988
"1933","Autre",2896
"1933","Droit",1356
"1933","Économie",1037
"1933","Histoire de France",98
"1933","Loisirs sports arts du spectacle",1252
"1933","N/A",3400
"1933","Périodiques",293
"1933","Presse et édition",18277
"1933","Savoir livre informatique",2667
"1933","Science politique",1211
"1934","Administration publique",932
"1934","Autre",3090
"1934","Droit",1337
"1934","Économie",1147
"1934","Histoire de France",90
"1934","Loisirs sports arts du spectacle",1164
"1934","N/A",3406
"1934","Périodiques",386
"1934","Presse et édition",18878
"1934","Savoir livre informatique",2899
"1934","Science politique",1185
"1935","Administration publique",918
"1935","Autre",2918
"1935","Droit",1286
"1935","Économie",1153
"1935","Histoire de France",86
"1935","Loisirs sports arts du spectacle",1123
"1935","N/A",3241
"1935","Périodiques",272
"1935","Presse et édition",18442
"1935","Savoir livre informatique",3386
"1935","Science politique",1146
"1936","Administration publique",986
"1936","Autre",2963
"1936","Droit",1298
"1936","Économie",1003
"1936","Histoire de France",82
"1936","Loisirs sports arts du spectacle",1179
"1936","N/A",3192
"1936","Périodiques",268
"1936","Presse et édition",18176
"1936","Savoir livre informatique",3101
"1936","Science politique",1189
"1937","Administration publique",732
"1937","Autre",2282
"1937","Droit",1241
"1937","Économie",841
"1937","Histoire de France",74
"1937","Loisirs sports arts du spectacle",1099
"1937","N/A",2934
"1937","Périodiques",367
"1937","Presse et édition",17822
"1937","Savoir livre informatique",2939
"1937","Science politique",1161
"1938","Administration publique",781
"1938","Autre",2031
"1938","Droit",1143
"1938","Économie",701
"1938","Histoire de France",72
"1938","Loisirs sports arts du spectacle",1097
"1938","N/A",2876
"1938","Périodiques",320
"1938","Presse et édition",16409
"1938","Savoir livre informatique",3156
"1938","Science politique",1088
"1939","Administration publique",599
"1939","Autre",1681
"1939","Droit",1075
"1939","Économie",544
"1939","Histoire de France",47
"1939","Loisirs sports arts du spectacle",820
"1939","N/A",2314
"1939","Périodiques",297
"1939","Presse et édition",14289
"1939","Savoir livre informatique",2656
"1939","Science politique",1001
"1940","Administration publique",520
"1940","Autre",796
"1940","Droit",840
"1940","Économie",124
"1940","Histoire de France",34
"1940","Loisirs sports arts du spectacle",363
"1940","N/A",1914
"1940","Périodiques",128
"1940","Presse et édition",10821
"1940","Savoir livre informatique",1887
"1940","Science politique",350
"1941","Administration publique",615
"1941","Autre",760
"1941","Droit",880
"1941","Économie",18
"1941","Histoire de France",20
"1941","Loisirs sports arts du spectacle",491
"1941","N/A",2366
"1941","Périodiques",148
"1941","Presse et édition",9385
"1941","Savoir livre informatique",1685
"1941","Science politique",331
"1942","Administration publique",537
"1942","Autre",570
"1942","Droit",870
"1942","Économie",37
"1942","Histoire de France",19
"1942","Loisirs sports arts du spectacle",641
"1942","N/A",2261
"1942","Périodiques",74
"1942","Presse et édition",8855
"1942","Savoir livre informatique",1736
"1942","Science politique",322
"1943","Administration publique",672
"1943","Autre",374
"1943","Droit",915
"1943","Économie",30
"1943","Histoire de France",23
"1943","Loisirs sports arts du spectacle",529
"1943","N/A",2357
"1943","Périodiques",91
"1943","Presse et édition",7937
"1943","Savoir livre informatique",1900
"1943","Science politique",318
"1944","Administration publique",570
"1944","Autre",345
"1944","Droit",779
"1944","Économie",42
"1944","Histoire de France",43
"1944","Loisirs sports arts du spectacle",466
"1944","N/A",1737
"1944","Périodiques",53
"1944","Presse et édition",6133
"1944","Savoir livre informatique",1694
"1944","Science politique",431
"1945","Administration publique",633
"1945","Autre",553
"1945","Droit",495
"1945","Économie",108
"1945","Histoire de France",10
"1945","Loisirs sports arts du spectacle",104
"1945","N/A",493
"1945","Périodiques",26
"1945","Presse et édition",2843
"1945","Savoir livre informatique",1276
"1945","Science politique",756
"1946","Administration publique",532
"1946","Autre",729
"1946","Droit",403
"1946","Économie",180
"1946","Histoire de France",15
"1946","Loisirs sports arts du spectacle",179
"1946","N/A",522
"1946","Périodiques",105
"1946","Presse et édition",2763
"1946","Savoir livre informatique",1493
"1946","Science politique",771
"1947","Administration publique",532
"1947","Autre",656
"1947","Droit",499
"1947","Économie",69
"1947","Histoire de France",16
"1947","Loisirs sports arts du spectacle",186
"1947","N/A",751
"1947","Périodiques",88
"1947","Presse et édition",3030
"1947","Savoir livre informatique",1270
"1947","Science politique",564
"1948","Administration publique",510
"1948","Autre",647
"1948","Droit",500
"1948","Économie",127
"1948","Histoire de France",18
"1948","Loisirs sports arts du spectacle",162
"1948","N/A",391
"1948","Périodiques",98
"1948","Presse et édition",3257
"1948","Savoir livre informatique",878
"1948","Science politique",522
"1949","Administration publique",505
"1949","Autre",521
"1949","Droit",504
"1949","Économie",139
"1949","Histoire de France",16
"1949","Loisirs sports arts du spectacle",132
"1949","N/A",412
"1949","Périodiques",106
"1949","Presse et édition",3143
"1949","Savoir livre informatique",600
"1949","Science politique",552
"1950","Administration publique",501
"1950","Autre",491
"1950","Droit",452
"1950","Économie",121
"1950","Histoire de France",12
"1950","Loisirs sports arts du spectacle",134
"1950","N/A",206
"1950","Périodiques",98
"1950","Presse et édition",2649
"1950","Savoir livre informatique",414
"1950","Science politique",552
"1951","Administration publique",477
"1951","Autre",345
"1951","Droit",141
"1951","Économie",109
"1951","Histoire de France",18
"1951","Loisirs sports arts du spectacle",50
"1951","N/A",32
"1951","Périodiques",3
"1951","Presse et édition",1623
"1951","Savoir livre informatique",108
"1951","Science politique",171
"1952","Administration publique",389
"1952","Autre",377
"1952","Droit",136
"1952","Économie",111
"1952","Histoire de France",20
"1952","Loisirs sports arts du spectacle",44
"1952","N/A",30
"1952","Périodiques",4
"1952","Presse et édition",1455
"1952","Savoir livre informatique",7
"1952","Science politique",76
"1953","Administration publique",249
"1953","Autre",315
"1953","Droit",130
"1953","Économie",105
"1953","Histoire de France",21
"1953","Loisirs sports arts du spectacle",30
"1953","N/A",31
"1953","Périodiques",2
"1953","Presse et édition",1173
"1953","Savoir livre informatique",9
"1953","Science politique",17
"1954","Administration publique",360
"1954","Autre",303
"1954","Droit",133
"1954","Économie",110
"1954","Histoire de France",18
"1954","Loisirs sports arts du spectacle",164
"1954","N/A",33
"1954","Périodiques",3
"1954","Presse et édition",1104
"1954","Savoir livre informatique",7
"1954","Science politique",53
"1955","Administration publique",296
"1955","Autre",372
"1955","Droit",130
"1955","Économie",98
"1955","Histoire de France",20
"1955","Loisirs sports arts du spectacle",63
"1955","N/A",30
"1955","Périodiques",2
"1955","Presse et édition",1138
"1955","Savoir livre informatique",10
"1955","Science politique",91
"1956","Administration publique",300
"1956","Autre",312
"1956","Droit",21
"1956","Économie",83
"1956","Histoire de France",16
"1956","Loisirs sports arts du spectacle",77
"1956","N/A",32
"1956","Périodiques",3
"1956","Presse et édition",1048
"1956","Savoir livre informatique",12
"1956","Science politique",116
"1957","Administration publique",305
"1957","Autre",264
"1957","Droit",34
"1957","Économie",100
"1957","Histoire de France",22
"1957","Loisirs sports arts du spectacle",61
"1957","N/A",30
"1957","Périodiques",2
"1957","Presse et édition",975
"1957","Savoir livre informatique",13
"1957","Science politique",118
"1958","Administration publique",355
"1958","Autre",289
"1958","Droit",28
"1958","Économie",82
"1958","Histoire de France",26
"1958","Loisirs sports arts du spectacle",66
"1958","N/A",40
"1958","Périodiques",2
"1958","Presse et édition",1021
"1958","Science politique",103
"1959","Administration publique",309
"1959","Autre",299
"1959","Droit",35
"1959","Économie",86
"1959","Histoire de France",19
"1959","Loisirs sports arts du spectacle",66
"1959","N/A",17
"1959","Périodiques",2
"1959","Presse et édition",641
"1959","Science politique",56
"1960","Administration publique",323
"1960","Autre",258
"1960","Droit",26
"1960","Économie",82
"1960","Histoire de France",27
"1960","Loisirs sports arts du spectacle",63
"1960","N/A",1
"1960","Périodiques",3
"1960","Presse et édition",340
"1960","Science politique",53
"1961","Administration publique",155
"1961","Autre",250
"1961","Droit",31
"1961","Économie",81
"1961","Histoire de France",24
"1961","Loisirs sports arts du spectacle",56
"1961","N/A",1
"1961","Périodiques",2
"1961","Presse et édition",323
"1961","Science politique",5
"1962","Administration publique",432
"1962","Autre",248
"1962","Économie",76
"1962","Histoire de France",20
"1962","Loisirs sports arts du spectacle",53
"1962","Périodiques",2
"1962","Presse et édition",316
"1962","Science politique",13
"1963","Administration publique",362
"1963","Autre",237
"1963","Économie",16
"1963","Histoire de France",19
"1963","Loisirs sports arts du spectacle",35
"1963","N/A",3
"1963","Périodiques",2
"1963","Presse et édition",317
"1963","Science politique",10
"1964","Administration publique",340
"1964","Autre",229
"1964","Économie",6
"1964","Histoire de France",29
"1964","Loisirs sports arts du spectacle",37
"1964","N/A",1
"1964","Périodiques",2
"1964","Presse et édition",344
"1964","Science politique",10
"1965","Administration publique",333
"1965","Autre",257
"1965","Économie",6
"1965","Histoire de France",18
"1965","Loisirs sports arts du spectacle",30
"1965","N/A",1
"1965","Périodiques",3
"1965","Presse et édition",349
"1965","Science politique",10
"1966","Administration publique",334
"1966","Autre",279
"1966","Économie",6
"1966","Histoire de France",21
"1966","Loisirs sports arts du spectacle",22
"1966","N/A",1
"1966","Périodiques",3
"1966","Presse et édition",352
"1966","Science politique",4
"1967","Administration publique",115
"1967","Autre",273
"1967","Économie",6
"1967","Histoire de France",19
"1967","Loisirs sports arts du spectacle",21
"1967","N/A",1
"1967","Périodiques",4
"1967","Presse et édition",349
"1968","Administration publique",319
"1968","Autre",228
"1968","Économie",8
"1968","Histoire de France",20
"1968","Loisirs sports arts du spectacle",15
"1968","N/A",1
"1968","Périodiques",6
"1968","Presse et édition",331
"1969","Administration publique",344
"1969","Autre",228
"1969","Économie",8
"1969","Histoire de France",22
"1969","Loisirs sports arts du spectacle",16
"1969","N/A",1
"1969","Périodiques",4
"1969","Presse et édition",332
"1969","Science politique",2
"1970","Administration publique",44
"1970","Autre",278
"1970","Économie",17
"1970","Histoire de France",22
"1970","Loisirs sports arts du spectacle",18
"1970","N/A",1
"1970","Périodiques",5
"1970","Presse et édition",182
"1971","Administration publique",47
"1971","Autre",319
"1971","Économie",10
"1971","Histoire de France",17
"1971","Loisirs sports arts du spectacle",24
"1971","N/A",1
"1971","Périodiques",4
"1971","Presse et édition",16
"1971","Science politique",3
"1972","Administration publique",25
"1972","Autre",395
"1972","Économie",19
"1972","Histoire de France",22
"1972","Loisirs sports arts du spectacle",18
"1972","N/A",1
"1972","Périodiques",4
"1972","Presse et édition",9
"1972","Science politique",2
"1973","Administration publique",46
"1973","Autre",302
"1973","Économie",5
"1973","Histoire de France",23
"1973","Loisirs sports arts du spectacle",14
"1973","N/A",1
"1973","Périodiques",3
"1973","Presse et édition",1
"1974","Administration publique",44
"1974","Autre",226
"1974","Économie",7
"1974","Histoire de France",25
"1974","Loisirs sports arts du spectacle",31
"1974","N/A",1
"1974","Périodiques",4
"1974","Science politique",1
"1975","Administration publique",49
"1975","Autre",268
"1975","Économie",9
"1975","Histoire de France",23
"1975","Loisirs sports arts du spectacle",40
"1975","N/A",1
"1975","Périodiques",4
"1975","Presse et édition",2
"1975","Science politique",1
"1976","Administration publique",47
"1976","Autre",294
"1976","Économie",10
"1976","Histoire de France",21
"1976","Loisirs sports arts du spectacle",23
"1976","N/A",1
"1976","Périodiques",4
"1976","Presse et édition",2
"1977","Administration publique",46
"1977","Autre",345
"1977","Économie",9
"1977","Histoire de France",19
"1977","Loisirs sports arts du spectacle",23
"1977","N/A",1
"1977","Périodiques",3
"1977","Presse et édition",3
"1977","Science politique",1
"1978","Administration publique",50
"1978","Autre",335
"1978","Économie",18
"1978","Histoire de France",20
"1978","Loisirs sports arts du spectacle",18
"1978","N/A",1
"1978","Périodiques",4
"1978","Presse et édition",2
"1979","Administration publique",50
"1979","Autre",338
"1979","Économie",30
"1979","Histoire de France",29
"1979","Loisirs sports arts du spectacle",17
"1979","N/A",1
"1979","Périodiques",4
"1979","Presse et édition",2
"1980","Administration publique",35
"1980","Autre",339
"1980","Économie",15
"1980","Histoire de France",36
"1980","Loisirs sports arts du spectacle",22
"1980","N/A",2
"1980","Périodiques",4
"1980","Presse et édition",2
"1981","Administration publique",38
"1981","Autre",249
"1981","Économie",27
"1981","Histoire de France",28
"1981","Loisirs sports arts du spectacle",13
"1981","N/A",1
"1981","Périodiques",4
"1981","Presse et édition",1
"1982","Administration publique",51
"1982","Autre",222
"1982","Économie",12
"1982","Histoire de France",29
"1982","Loisirs sports arts du spectacle",12
"1982","N/A",2
"1982","Périodiques",4
"1982","Presse et édition",2
"1983","Administration publique",45
"1983","Autre",212
"1983","Économie",13
"1983","Histoire de France",29
"1983","Loisirs sports arts du spectacle",12
"1983","N/A",1
"1983","Périodiques",4
"1983","Presse et édition",3
"1984","Administration publique",48
"1984","Autre",229
"1984","Économie",14
"1984","Histoire de France",35
"1984","Loisirs sports arts du spectacle",14
"1984","N/A",1
"1984","Périodiques",5
"1984","Presse et édition",2
"1985","Administration publique",47
"1985","Autre",200
"1985","Économie",17
"1985","Histoire de France",31
"1985","Loisirs sports arts du spectacle",11
"1985","N/A",1
"1985","Périodiques",3
"1985","Presse et édition",5
"1986","Administration publique",49
"1986","Autre",261
"1986","Économie",21
"1986","Histoire de France",31
"1986","Loisirs sports arts du spectacle",13
"1986","N/A",2
"1986","Périodiques",5
"1986","Presse et édition",2
"1987","Administration publique",44
"1987","Autre",288
"1987","Économie",20
"1987","Histoire de France",26
"1987","Loisirs sports arts du spectacle",13
"1987","N/A",2
"1987","Périodiques",3
"1987","Presse et édition",1
"1988","Administration publique",47
"1988","Autre",293
"1988","Économie",41
"1988","Histoire de France",31
"1988","Loisirs sports arts du spectacle",14
"1988","N/A",1
"1988","Périodiques",4
"1989","Administration publique",47
"1989","Autre",320
"1989","Économie",36
"1989","Histoire de France",30
"1989","Loisirs sports arts du spectacle",12
"1989","N/A",1
"1989","Périodiques",4
"1990","Administration publique",44
"1990","Autre",233
"1990","Économie",30
"1990","Histoire de France",28
"1990","Loisirs sports arts du spectacle",14
"1990","N/A",1
"1990","Périodiques",4
"1991","Administration publique",46
"1991","Autre",222
"1991","Économie",51
"1991","Histoire de France",21
"1991","Loisirs sports arts du spectacle",12
"1991","N/A",1
"1991","Périodiques",4
"1991","Presse et édition",2
"1991","Science politique",1
"1992","Administration publique",46
"1992","Autre",229
"1992","Économie",40
"1992","Histoire de France",23
"1992","Loisirs sports arts du spectacle",21
"1992","N/A",1
"1992","Périodiques",3
"1992","Presse et édition",2
"1992","Science politique",7
"1993","Administration publique",47
"1993","Autre",262
"1993","Économie",33
"1993","Histoire de France",20
"1993","Loisirs sports arts du spectacle",47
"1993","N/A",1
"1993","Périodiques",2
"1993","Presse et édition",1
"1993","Science politique",1
"1994","Administration publique",47
"1994","Autre",260
"1994","Économie",17
"1994","Histoire de France",26
"1994","Loisirs sports arts du spectacle",52
"1994","N/A",1
"1994","Périodiques",3
"1995","Administration publique",46
"1995","Autre",297
"1995","Économie",19
"1995","Histoire de France",25
"1995","Loisirs sports arts du spectacle",36
"1995","N/A",1
"1995","Périodiques",3
"1996","Administration publique",46
"1996","Autre",271
"1996","Économie",17
"1996","Histoire de France",25
"1996","Loisirs sports arts du spectacle",14
"1996","N/A",1
"1996","Périodiques",3
"1997","Administration publique",45
"1997","Autre",246
"1997","Économie",15
"1997","Histoire de France",29
"1997","Loisirs sports arts du spectacle",4
"1997","N/A",1
"1997","Périodiques",3
"1998","Administration publique",46
"1998","Autre",236
"1998","Économie",17
"1998","Histoire de France",26
"1998","Loisirs sports arts du spectacle",3
"1998","N/A",1
"1998","Périodiques",3
"1998","Presse et édition",1
"1998","Science politique",1
"1999","Administration publique",23
"1999","Autre",172
"1999","Économie",11
"1999","Histoire de France",26
"1999","Loisirs sports arts du spectacle",1
"1999","N/A",1
"1999","Périodiques",4
"1999","Presse et édition",2
"2000","Administration publique",67
"2000","Autre",143
"2000","Économie",21
"2000","Histoire de France",23
"2000","Loisirs sports arts du spectacle",4
"2000","N/A",2
"2000","Périodiques",3
"2000","Presse et édition",4
"2001","Administration publique",43
"2001","Autre",148
"2001","Économie",11
"2001","Histoire de France",19
"2001","Loisirs sports arts du spectacle",1
"2001","N/A",1
"2001","Périodiques",3
"2001","Presse et édition",2
"2002","Administration publique",44
"2002","Autre",111
"2002","Économie",14
"2002","Histoire de France",16
"2002","Loisirs sports arts du spectacle",2
"2002","N/A",2
"2002","Périodiques",4
"2002","Presse et édition",3
"2003","Administration publique",45
"2003","Autre",85
"2003","Économie",12
"2003","Histoire de France",16
"2003","Loisirs sports arts du spectacle",2
"2003","N/A",2
"2003","Périodiques",2
"2003","Presse et édition",4
"2004","Administration publique",42
"2004","Autre",84
"2004","Économie",8
"2004","Histoire de France",22
"2004","Loisirs sports arts du spectacle",3
"2004","N/A",2
"2004","Périodiques",3
"2004","Presse et édition",4
"2005","Administration publique",40
"2005","Autre",83
"2005","Économie",9
"2005","Histoire de France",13
"2005","N/A",1
"2005","Périodiques",2
"2005","Presse et édition",4
"2006","Administration publique",42
"2006","Autre",67
"2006","Économie",7
"2006","Histoire de France",13
"2006","Loisirs sports arts du spectacle",2
"2006","N/A",3
"2006","Périodiques",2
"2006","Presse et édition",6
"2007","Administration publique",42
"2007","Autre",54
"2007","Économie",7
"2007","Histoire de France",18
"2007","Loisirs sports arts du spectacle",1
"2007","N/A",1
"2007","Périodiques",2
"2007","Presse et édition",11
"2008","Administration publique",39
"2008","Autre",48
"2008","Économie",4
"2008","Histoire de France",16
"2008","Loisirs sports arts du spectacle",2
"2008","N/A",1
"2008","Périodiques",2
"2008","Presse et édition",4
"2009","Administration publique",40
"2009","Autre",42
"2009","Économie",5
"2009","Histoire de France",15
"2009","Loisirs sports arts du spectacle",3
"2009","Périodiques",2
"2009","Presse et édition",4
"2010","Autre",43
"2010","Économie",1
"2010","Histoire de France",15
"2010","Loisirs sports arts du spectacle",1
"2010","Périodiques",2
"2010","Presse et édition",4
"2011","Autre",31
"2011","Économie",1
"2011","Histoire de France",6
"2011","Périodiques",2
"2011","Presse et édition",3
"2012","Autre",32
"2012","Histoire de France",4
"2012","Périodiques",2
"2012","Presse et édition",5
"2013","Autre",25
"2013","Histoire de France",1
"2013","Périodiques",2
"2013","Presse et édition",3
"2014","Autre",11
"2014","Périodiques",1
"2014","Presse et édition",3
"2015","Autre",7
"2015","Loisirs sports arts du spectacle",4
"2015","Périodiques",2
"2015","Presse et édition",3
"2016","Autre",6
"2016","Loisirs sports arts du spectacle",4
"2016","Presse et édition",1
"2017","Autre",2
"2017","Périodiques",2
"2018","Autre",1
