"date","principales_villes","n"
"1380","N/A",1
"1519","Autre",1
"1519","Paris",1
"1537","N/A",1
"1538","Paris",1
"1542","N/A",1
"1544","Paris",1
"1545","Paris",1
"1546","Autre",1
"1547","Rouen",1
"1549","Paris",1
"1550","Paris",3
"1550","Rouen",2
"1551","N/A",4
"1552","N/A",4
"1552","Paris",2
"1554","N/A",1
"1556","N/A",1
"1556","Rouen",1
"1557","Paris",1
"1559","Paris",1
"1561","N/A",1
"1562","N/A",3
"1562","Paris",1
"1563","Autre",4
"1563","Paris",2
"1564","N/A",1
"1566","N/A",3
"1566","Paris",1
"1566","Rouen",1
"1567","N/A",9
"1567","Paris",1
"1568","Paris",1
"1569","Autre",1
"1569","Paris",4
"1570","Lyon",1
"1570","N/A",1
"1571","N/A",2
"1572","Paris",2
"1573","Autre",1
"1573","Paris",2
"1574","Autre",1
"1574","N/A",2
"1574","Paris",1
"1576","Lyon",1
"1576","N/A",1
"1578","N/A",1
"1580","N/A",1
"1581","Autre",1
"1581","N/A",7
"1581","Paris",1
"1581","Rouen",2
"1582","Paris",1
"1583","N/A",1
"1584","Rouen",1
"1585","Autre",1
"1585","N/A",2
"1585","Paris",1
"1586","Autre",1
"1586","Paris",1
"1587","Bruxelles",1
"1587","N/A",3
"1587","Paris",1
"1588","N/A",5
"1588","Paris",2
"1588","Rouen",1
"1589","N/A",18
"1590","N/A",8
"1591","Tours",1
"1592","N/A",1
"1593","N/A",1
"1593","Paris",1
"1593","Rouen",1
"1595","N/A",3
"1595","Paris",1
"1595","Rouen",1
"1596","N/A",2
"1596","Paris",3
"1597","N/A",8
"1597","Paris",3
"1598","N/A",1
"1599","Autre",2
"1599","N/A",2
"1600","Autre",1
"1600","N/A",3
"1600","Paris",3
"1601","Autre",2
"1601","Lyon",1
"1601","N/A",6
"1601","Paris",14
"1601","Rouen",1
"1602","Autre",3
"1602","Lyon",3
"1602","N/A",2
"1602","Paris",30
"1602","Rouen",1
"1603","Autre",1
"1603","N/A",3
"1603","Paris",13
"1603","Rouen",2
"1604","Autre",1
"1604","Lyon",4
"1604","N/A",9
"1604","Paris",21
"1604","Rouen",5
"1605","Lyon",1
"1605","N/A",6
"1605","Paris",20
"1605","Rouen",1
"1605","Tours",1
"1606","Autre",5
"1606","N/A",3
"1606","Paris",17
"1606","Rouen",2
"1607","Autre",3
"1607","Lyon",2
"1607","N/A",14
"1607","Paris",18
"1607","Rouen",1
"1608","Autre",8
"1608","Lyon",6
"1608","N/A",14
"1608","Paris",22
"1608","Rouen",2
"1609","Autre",6
"1609","Lyon",8
"1609","Montpellier",1
"1609","N/A",19
"1609","Paris",40
"1609","Rouen",3
"1610","Autre",12
"1610","Lyon",7
"1610","N/A",19
"1610","Paris",43
"1610","Rouen",2
"1611","Autre",6
"1611","Lyon",3
"1611","N/A",26
"1611","Paris",21
"1611","Rouen",3
"1612","Autre",8
"1612","Lyon",6
"1612","N/A",11
"1612","Paris",21
"1612","Rouen",3
"1612","Tours",1
"1613","Autre",3
"1613","Lyon",1
"1613","N/A",9
"1613","Paris",18
"1613","Rouen",1
"1614","Autre",3
"1614","Lyon",1
"1614","N/A",13
"1614","Paris",26
"1614","Rouen",1
"1615","Autre",7
"1615","Bordeaux",1
"1615","Lyon",3
"1615","N/A",24
"1615","Paris",24
"1616","Autre",7
"1616","Lyon",5
"1616","N/A",30
"1616","Paris",30
"1616","Rouen",5
"1616","Toulouse",1
"1616","Tours",2
"1617","Autre",12
"1617","Lyon",13
"1617","N/A",22
"1617","Paris",53
"1617","Rouen",10
"1617","Toulouse",1
"1618","Autre",5
"1618","Lyon",2
"1618","N/A",9
"1618","Paris",18
"1618","Rouen",7
"1619","Autre",4
"1619","Lyon",3
"1619","N/A",14
"1619","Paris",37
"1619","Rouen",5
"1620","Autre",12
"1620","Lyon",7
"1620","N/A",32
"1620","Paris",48
"1620","Rouen",10
"1620","Tours",1
"1621","Autre",4
"1621","Lyon",1
"1621","N/A",21
"1621","Paris",48
"1621","Rouen",10
"1621","Tours",1
"1622","Autre",6
"1622","Lyon",1
"1622","N/A",32
"1622","Paris",40
"1622","Rouen",1
"1623","Autre",3
"1623","Lyon",1
"1623","N/A",24
"1623","Paris",35
"1623","Rouen",3
"1624","Autre",2
"1624","Bordeaux",1
"1624","Lyon",1
"1624","N/A",28
"1624","Paris",40
"1624","Rouen",1
"1625","Autre",6
"1625","Lyon",5
"1625","N/A",19
"1625","Paris",30
"1625","Rouen",3
"1626","Autre",9
"1626","Lyon",4
"1626","N/A",31
"1626","Paris",82
"1626","Rouen",4
"1627","Autre",3
"1627","Lyon",1
"1627","N/A",21
"1627","Paris",112
"1627","Rouen",6
"1628","Autre",14
"1628","Lyon",3
"1628","N/A",16
"1628","Paris",41
"1628","Rouen",5
"1629","Autre",9
"1629","Lyon",1
"1629","N/A",10
"1629","Paris",55
"1629","Rouen",4
"1630","Autre",12
"1630","Lyon",2
"1630","N/A",12
"1630","Paris",52
"1631","Autre",6
"1631","Lyon",2
"1631","N/A",14
"1631","Paris",33
"1631","Rouen",2
"1632","Autre",6
"1632","Lyon",3
"1632","N/A",9
"1632","Paris",52
"1632","Rouen",2
"1633","Autre",25
"1633","Montpellier",1
"1633","N/A",15
"1633","Paris",68
"1633","Rouen",1
"1634","Autre",19
"1634","Lille",1
"1634","Lyon",1
"1634","N/A",21
"1634","Paris",80
"1634","Rouen",2
"1635","Autre",4
"1635","Lyon",1
"1635","Montpellier",1
"1635","N/A",25
"1635","Paris",110
"1635","Rouen",1
"1636","Autre",1
"1636","Lyon",1
"1636","N/A",10
"1636","Paris",124
"1636","Rouen",4
"1637","Autre",7
"1637","N/A",7
"1637","Paris",44
"1637","Rouen",1
"1638","Autre",3
"1638","N/A",8
"1638","Paris",45
"1638","Rouen",1
"1639","Autre",4
"1639","N/A",11
"1639","Paris",69
"1639","Rouen",1
"1640","Autre",2
"1640","N/A",11
"1640","Paris",54
"1640","Rouen",3
"1641","Autre",5
"1641","Bordeaux",1
"1641","N/A",4
"1641","Paris",38
"1641","Rouen",1
"1642","Autre",2
"1642","N/A",14
"1642","Paris",33
"1642","Rouen",1
"1643","Autre",3
"1643","Lyon",4
"1643","N/A",24
"1643","Paris",49
"1643","Rouen",1
"1644","Autre",5
"1644","Lyon",1
"1644","N/A",13
"1644","Paris",30
"1644","Rouen",1
"1645","Autre",1
"1645","Montpellier",1
"1645","N/A",17
"1645","Paris",37
"1646","Autre",3
"1646","Bordeaux",1
"1646","N/A",10
"1646","Paris",21
"1647","Autre",5
"1647","N/A",9
"1647","Paris",28
"1648","Autre",3
"1648","N/A",11
"1648","Paris",26
"1648","Rouen",1
"1649","Autre",3
"1649","Lyon",9
"1649","Montpellier",1
"1649","N/A",195
"1649","Paris",102
"1649","Rouen",1
"1650","Autre",6
"1650","Lyon",5
"1650","N/A",36
"1650","Paris",36
"1650","Rouen",1
"1651","Autre",2
"1651","Lille",1
"1651","Lyon",1
"1651","N/A",44
"1651","Paris",29
"1651","Rouen",3
"1652","Autre",4
"1652","Bruxelles",1
"1652","Lyon",1
"1652","N/A",52
"1652","Paris",42
"1652","Rouen",2
"1653","Autre",7
"1653","N/A",8
"1653","Paris",24
"1653","Rouen",2
"1654","Autre",4
"1654","N/A",8
"1654","Paris",38
"1655","Autre",6
"1655","Lyon",1
"1655","N/A",8
"1655","Paris",17
"1655","Rouen",6
"1656","Autre",3
"1656","Lyon",1
"1656","N/A",15
"1656","Paris",21
"1657","Autre",3
"1657","N/A",12
"1657","Paris",28
"1657","Rouen",1
"1658","Autre",6
"1658","Lyon",2
"1658","N/A",7
"1658","Paris",11
"1659","Autre",7
"1659","Lyon",1
"1659","N/A",14
"1659","Paris",21
"1660","Autre",7
"1660","Lyon",4
"1660","N/A",17
"1660","Paris",39
"1661","Autre",8
"1661","Bruxelles",1
"1661","Lyon",1
"1661","N/A",21
"1661","Paris",24
"1662","Autre",7
"1662","Bruxelles",1
"1662","Lyon",1
"1662","N/A",9
"1662","Paris",21
"1663","Autre",9
"1663","N/A",11
"1663","Paris",31
"1664","Autre",7
"1664","Lyon",1
"1664","N/A",16
"1664","Paris",32
"1665","Autre",6
"1665","N/A",13
"1665","Paris",19
"1665","Rouen",4
"1666","Autre",8
"1666","N/A",14
"1666","Paris",31
"1666","Rouen",1
"1667","Autre",5
"1667","Lille",1
"1667","Lyon",2
"1667","N/A",12
"1667","Paris",33
"1667","Rouen",1
"1668","Autre",5
"1668","N/A",10
"1668","Paris",39
"1668","Rouen",1
"1669","Autre",1
"1669","Lyon",1
"1669","Montpellier",1
"1669","N/A",9
"1669","Paris",41
"1670","Autre",5
"1670","N/A",12
"1670","Paris",19
"1671","Autre",6
"1671","Lyon",1
"1671","N/A",9
"1671","Paris",35
"1671","Rouen",1
"1672","Autre",4
"1672","Lyon",1
"1672","Montpellier",1
"1672","N/A",17
"1672","Paris",26
"1673","Autre",4
"1673","Bruxelles",1
"1673","Lyon",4
"1673","Montpellier",1
"1673","N/A",12
"1673","Paris",32
"1673","Rouen",1
"1674","Autre",1
"1674","Lyon",2
"1674","N/A",11
"1674","Paris",36
"1675","Autre",5
"1675","N/A",11
"1675","Paris",27
"1676","Autre",2
"1676","N/A",12
"1676","Paris",22
"1677","Autre",3
"1677","N/A",15
"1677","Paris",26
"1677","Rouen",2
"1678","Autre",3
"1678","Bruxelles",1
"1678","Lyon",7
"1678","N/A",9
"1678","Paris",21
"1678","Rouen",2
"1679","Autre",6
"1679","Lyon",3
"1679","N/A",11
"1679","Paris",23
"1679","Rouen",1
"1680","Autre",6
"1680","Lyon",2
"1680","N/A",18
"1680","Paris",21
"1680","Toulouse",1
"1681","Autre",6
"1681","N/A",8
"1681","Paris",19
"1681","Rouen",1
"1682","Autre",10
"1682","Lyon",1
"1682","N/A",8
"1682","Paris",20
"1682","Rouen",1
"1682","Toulouse",2
"1683","Autre",17
"1683","Lyon",4
"1683","N/A",10
"1683","Paris",26
"1683","Rouen",4
"1684","Autre",14
"1684","Lyon",3
"1684","N/A",22
"1684","Paris",19
"1685","Autre",14
"1685","Lyon",2
"1685","N/A",23
"1685","Paris",25
"1686","Autre",15
"1686","Bordeaux",1
"1686","Lyon",2
"1686","N/A",21
"1686","Paris",17
"1686","Rouen",1
"1686","Toulouse",1
"1687","Autre",14
"1687","N/A",14
"1687","Paris",29
"1688","Autre",15
"1688","N/A",26
"1688","Paris",29
"1689","Autre",9
"1689","N/A",18
"1689","Paris",23
"1690","Autre",8
"1690","Lyon",2
"1690","Montpellier",1
"1690","N/A",40
"1690","Paris",24
"1690","Rouen",1
"1691","Autre",6
"1691","Lyon",6
"1691","Montpellier",1
"1691","N/A",19
"1691","Paris",34
"1691","Rouen",1
"1692","Autre",5
"1692","Lyon",2
"1692","Montpellier",3
"1692","N/A",16
"1692","Paris",27
"1693","Autre",12
"1693","Lyon",3
"1693","N/A",30
"1693","Paris",63
"1693","Toulouse",1
"1694","Autre",11
"1694","Lille",1
"1694","Montpellier",2
"1694","N/A",22
"1694","Paris",33
"1695","Autre",11
"1695","Lyon",2
"1695","N/A",19
"1695","Paris",16
"1695","Toulouse",1
"1696","Autre",14
"1696","Lyon",10
"1696","N/A",18
"1696","Paris",38
"1697","Autre",14
"1697","Lyon",5
"1697","N/A",25
"1697","Paris",30
"1697","Toulouse",1
"1698","Autre",15
"1698","Bruxelles",1
"1698","N/A",20
"1698","Paris",29
"1698","Toulouse",5
"1699","Autre",20
"1699","Bruxelles",1
"1699","Lyon",2
"1699","Montpellier",1
"1699","N/A",17
"1699","Paris",40
"1699","Rouen",1
"1699","Toulouse",7
"1699","Tours",1
"1700","Autre",27
"1700","Bruxelles",1
"1700","Montpellier",1
"1700","N/A",39
"1700","Paris",28
"1700","Rouen",3
"1700","Toulouse",6
"1701","Autre",21
"1701","Lyon",2
"1701","N/A",23
"1701","Paris",27
"1701","Rouen",2
"1701","Toulouse",2
"1702","Autre",19
"1702","Lyon",1
"1702","N/A",14
"1702","Paris",24
"1702","Rouen",2
"1702","Toulouse",2
"1703","Autre",8
"1703","Bordeaux",3
"1703","Lyon",1
"1703","N/A",15
"1703","Paris",29
"1704","Autre",2
"1704","Bruxelles",1
"1704","Lille",1
"1704","N/A",10
"1704","Paris",48
"1704","Rouen",2
"1704","Toulouse",1
"1705","Autre",15
"1705","Lyon",3
"1705","N/A",16
"1705","Paris",31
"1706","Autre",7
"1706","Lyon",1
"1706","Montpellier",1
"1706","N/A",4
"1706","Paris",27
"1707","Autre",5
"1707","Bruxelles",1
"1707","Lyon",1
"1707","N/A",19
"1707","Paris",39
"1707","Tours",1
"1708","Autre",5
"1708","Bruxelles",1
"1708","Lyon",1
"1708","N/A",14
"1708","Paris",31
"1708","Rouen",1
"1709","Autre",14
"1709","N/A",8
"1709","Paris",35
"1710","Autre",13
"1710","Lyon",4
"1710","N/A",16
"1710","Paris",27
"1710","Rouen",1
"1711","Autre",9
"1711","N/A",6
"1711","Paris",22
"1711","Rouen",1
"1712","Autre",9
"1712","N/A",20
"1712","Paris",39
"1712","Rouen",1
"1713","Autre",10
"1713","Lyon",1
"1713","N/A",15
"1713","Paris",27
"1714","Autre",16
"1714","N/A",13
"1714","Paris",63
"1714","Rouen",2
"1715","Autre",16
"1715","Bruxelles",1
"1715","N/A",15
"1715","Paris",59
"1715","Rouen",3
"1715","Toulouse",1
"1716","Autre",30
"1716","Lyon",2
"1716","N/A",24
"1716","Paris",52
"1716","Rouen",4
"1717","Autre",20
"1717","Bordeaux",2
"1717","N/A",12
"1717","Paris",51
"1717","Rouen",2
"1718","Autre",17
"1718","Lyon",3
"1718","N/A",14
"1718","Paris",78
"1719","Autre",18
"1719","Lyon",1
"1719","N/A",53
"1719","Paris",103
"1719","Rouen",2
"1720","Autre",15
"1720","N/A",14
"1720","Paris",84
"1721","Autre",14
"1721","Bruxelles",1
"1721","N/A",16
"1721","Paris",72
"1721","Rouen",3
"1721","Toulouse",3
"1722","Autre",9
"1722","Bordeaux",1
"1722","Bruxelles",1
"1722","Lyon",1
"1722","N/A",10
"1722","Paris",76
"1722","Rouen",1
"1722","Toulouse",2
"1723","Autre",16
"1723","Lyon",4
"1723","N/A",41
"1723","Paris",53
"1723","Rouen",1
"1723","Toulouse",2
"1724","Autre",46
"1724","N/A",24
"1724","Paris",73
"1724","Rouen",4
"1725","Autre",31
"1725","Bordeaux",1
"1725","N/A",26
"1725","Paris",81
"1726","Autre",6
"1726","N/A",19
"1726","Paris",48
"1727","Autre",17
"1727","Bruxelles",1
"1727","Lyon",1
"1727","N/A",22
"1727","Paris",81
"1728","Autre",36
"1728","N/A",17
"1728","Paris",66
"1728","Rouen",1
"1729","Autre",19
"1729","N/A",14
"1729","Paris",126
"1729","Rouen",8
"1729","Toulouse",1
"1730","Autre",18
"1730","Montpellier",1
"1730","N/A",10
"1730","Paris",81
"1731","Autre",23
"1731","N/A",34
"1731","Paris",83
"1732","Autre",26
"1732","N/A",23
"1732","Paris",63
"1732","Rouen",1
"1733","Autre",22
"1733","N/A",30
"1733","Paris",84
"1733","Rouen",1
"1733","Toulouse",2
"1734","Autre",32
"1734","N/A",32
"1734","Paris",114
"1734","Rouen",1
"1735","Autre",26
"1735","Lyon",1
"1735","N/A",50
"1735","Paris",98
"1736","Autre",49
"1736","Bruxelles",1
"1736","N/A",21
"1736","Paris",89
"1736","Toulouse",1
"1737","Autre",43
"1737","Bruxelles",1
"1737","N/A",24
"1737","Paris",163
"1738","Autre",23
"1738","Lyon",1
"1738","N/A",51
"1738","Paris",98
"1738","Rouen",1
"1738","Toulouse",2
"1739","Autre",45
"1739","Bordeaux",1
"1739","N/A",30
"1739","Paris",86
"1739","Rouen",1
"1740","Autre",42
"1740","Bruxelles",4
"1740","N/A",23
"1740","Paris",90
"1740","Rouen",1
"1740","Toulouse",1
"1741","Autre",26
"1741","Bordeaux",2
"1741","Bruxelles",2
"1741","N/A",36
"1741","Paris",87
"1741","Toulouse",1
"1741","Tours",1
"1742","Autre",66
"1742","Bordeaux",2
"1742","Bruxelles",1
"1742","N/A",47
"1742","Paris",107
"1742","Rouen",2
"1743","Autre",17
"1743","Bordeaux",1
"1743","Bruxelles",2
"1743","N/A",27
"1743","Paris",148
"1744","Autre",42
"1744","Bruxelles",3
"1744","Lyon",1
"1744","N/A",62
"1744","Paris",200
"1744","Toulouse",1
"1745","Autre",43
"1745","Lille",4
"1745","N/A",74
"1745","Paris",172
"1745","Rouen",1
"1745","Toulouse",3
"1746","Autre",27
"1746","Bordeaux",1
"1746","N/A",33
"1746","Paris",177
"1746","Rouen",1
"1747","Autre",27
"1747","Lille",1
"1747","N/A",23
"1747","Paris",238
"1747","Rouen",1
"1748","Autre",32
"1748","Lille",3
"1748","N/A",46
"1748","Paris",164
"1749","Autre",31
"1749","Bordeaux",1
"1749","Lille",2
"1749","N/A",26
"1749","Paris",163
"1749","Rouen",3
"1750","Autre",97
"1750","Bordeaux",1
"1750","Lille",1
"1750","Lyon",6
"1750","N/A",91
"1750","Paris",125
"1751","Autre",42
"1751","Bordeaux",1
"1751","Bruxelles",2
"1751","N/A",113
"1751","Paris",155
"1751","Toulouse",1
"1752","Autre",53
"1752","Bruxelles",1
"1752","N/A",86
"1752","Paris",116
"1752","Rouen",1
"1752","Toulouse",2
"1753","Autre",37
"1753","N/A",76
"1753","Paris",162
"1753","Rouen",2
"1753","Toulouse",2
"1754","Autre",47
"1754","Bordeaux",1
"1754","Bruxelles",1
"1754","Lille",1
"1754","Lyon",1
"1754","N/A",141
"1754","Paris",139
"1754","Toulouse",1
"1755","Autre",45
"1755","Montpellier",1
"1755","N/A",124
"1755","Paris",120
"1755","Rouen",9
"1755","Toulouse",1
"1756","Autre",77
"1756","Lyon",5
"1756","N/A",71
"1756","Paris",196
"1756","Toulouse",5
"1757","Autre",48
"1757","Bruxelles",1
"1757","Lyon",3
"1757","Montpellier",1
"1757","N/A",93
"1757","Paris",173
"1757","Toulouse",2
"1758","Autre",62
"1758","Bruxelles",1
"1758","Lyon",1
"1758","Montpellier",1
"1758","N/A",76
"1758","Paris",189
"1758","Rouen",4
"1758","Toulouse",2
"1759","Autre",62
"1759","N/A",104
"1759","Paris",219
"1759","Rouen",3
"1759","Toulouse",3
"1760","Autre",74
"1760","Bruxelles",2
"1760","Lyon",1
"1760","N/A",92
"1760","Paris",141
"1760","Rouen",2
"1760","Toulouse",2
"1761","Autre",54
"1761","Lille",1
"1761","Lyon",2
"1761","N/A",103
"1761","Paris",205
"1761","Toulouse",6
"1762","Autre",50
"1762","Lille",4
"1762","Lyon",3
"1762","N/A",112
"1762","Paris",187
"1762","Rouen",3
"1762","Toulouse",2
"1763","Autre",69
"1763","Bordeaux",3
"1763","Bruxelles",1
"1763","Lyon",9
"1763","N/A",90
"1763","Paris",218
"1763","Rouen",2
"1763","Toulouse",2
"1763","Tours",1
"1764","Autre",70
"1764","Bruxelles",1
"1764","Lyon",2
"1764","N/A",46
"1764","Paris",200
"1764","Toulouse",1
"1765","Autre",70
"1765","Lille",4
"1765","Lyon",2
"1765","N/A",81
"1765","Paris",152
"1765","Rouen",1
"1766","Autre",67
"1766","Lyon",3
"1766","Montpellier",1
"1766","N/A",57
"1766","Paris",169
"1766","Rouen",2
"1766","Toulouse",1
"1767","Autre",59
"1767","Bruxelles",3
"1767","Lille",1
"1767","Lyon",7
"1767","N/A",74
"1767","Paris",131
"1768","Autre",87
"1768","Lille",1
"1768","Lyon",7
"1768","N/A",72
"1768","Paris",205
"1768","Rouen",2
"1768","Toulouse",1
"1769","Autre",83
"1769","Lyon",7
"1769","Montpellier",3
"1769","N/A",75
"1769","Paris",142
"1769","Toulouse",5
"1770","Autre",128
"1770","Bruxelles",1
"1770","Lyon",8
"1770","N/A",63
"1770","Paris",164
"1770","Rouen",2
"1770","Toulouse",2
"1771","Autre",81
"1771","Bruxelles",2
"1771","Lille",7
"1771","Lyon",2
"1771","Montpellier",1
"1771","N/A",56
"1771","Paris",178
"1771","Rouen",2
"1771","Toulouse",1
"1772","Autre",101
"1772","Bordeaux",1
"1772","Lille",3
"1772","Lyon",5
"1772","N/A",69
"1772","Paris",257
"1772","Rouen",5
"1773","Autre",85
"1773","Bordeaux",2
"1773","Bruxelles",3
"1773","Lille",6
"1773","Lyon",2
"1773","Montpellier",1
"1773","N/A",70
"1773","Paris",127
"1774","Autre",127
"1774","Bordeaux",1
"1774","Bruxelles",8
"1774","Lyon",5
"1774","N/A",85
"1774","Paris",161
"1774","Rouen",4
"1775","Autre",99
"1775","Bruxelles",3
"1775","Lyon",3
"1775","Montpellier",1
"1775","N/A",82
"1775","Paris",352
"1775","Rouen",3
"1775","Toulouse",2
"1775","Tours",1
"1776","Autre",96
"1776","Montpellier",1
"1776","N/A",78
"1776","Paris",264
"1777","Autre",143
"1777","Bruxelles",3
"1777","Lille",6
"1777","Lyon",1
"1777","N/A",111
"1777","Paris",169
"1777","Rouen",2
"1777","Toulouse",1
"1778","Autre",110
"1778","Bruxelles",1
"1778","Lille",5
"1778","Lyon",5
"1778","N/A",66
"1778","Paris",171
"1778","Rouen",5
"1778","Toulouse",3
"1778","Tours",6
"1779","Autre",102
"1779","Bruxelles",7
"1779","Lille",7
"1779","Lyon",4
"1779","N/A",95
"1779","Paris",255
"1779","Rouen",1
"1779","Tours",1
"1780","Autre",115
"1780","Bordeaux",1
"1780","Bruxelles",3
"1780","Lyon",1
"1780","Montpellier",9
"1780","N/A",133
"1780","Paris",181
"1780","Rouen",8
"1781","Autre",83
"1781","Bruxelles",8
"1781","Lille",4
"1781","Lyon",13
"1781","N/A",92
"1781","Paris",215
"1781","Toulouse",1
"1782","Autre",121
"1782","Bordeaux",1
"1782","Bruxelles",2
"1782","Lille",1
"1782","Lyon",1
"1782","N/A",110
"1782","Paris",156
"1782","Rouen",1
"1782","Toulouse",8
"1782","Tours",1
"1783","Autre",136
"1783","Bordeaux",1
"1783","Bruxelles",3
"1783","Lille",1
"1783","Lyon",2
"1783","Montpellier",1
"1783","N/A",111
"1783","Paris",149
"1784","Autre",126
"1784","Bordeaux",2
"1784","Bruxelles",4
"1784","Lille",1
"1784","Lyon",7
"1784","N/A",123
"1784","Paris",182
"1784","Toulouse",2
"1785","Autre",149
"1785","Bruxelles",2
"1785","Lyon",8
"1785","N/A",108
"1785","Paris",184
"1786","Autre",89
"1786","Bruxelles",11
"1786","Lille",1
"1786","Lyon",2
"1786","Montpellier",2
"1786","N/A",120
"1786","Paris",188
"1786","Rouen",2
"1786","Toulouse",7
"1787","Autre",193
"1787","Bordeaux",2
"1787","Bruxelles",3
"1787","Lille",1
"1787","Lyon",7
"1787","Montpellier",6
"1787","N/A",140
"1787","Paris",211
"1787","Rouen",1
"1788","Autre",188
"1788","Bruxelles",4
"1788","Lyon",2
"1788","Montpellier",2
"1788","N/A",244
"1788","Paris",181
"1788","Rouen",3
"1788","Toulouse",2
"1789","Autre",183
"1789","Bordeaux",1
"1789","Bruxelles",15
"1789","Lyon",3
"1789","N/A",756
"1789","Paris",557
"1789","Rouen",2
"1789","Toulouse",2
"1790","Autre",163
"1790","Bordeaux",3
"1790","Bruxelles",3
"1790","Lille",2
"1790","Lyon",6
"1790","Montpellier",1
"1790","N/A",490
"1790","Paris",970
"1790","Rouen",2
"1790","Toulouse",5
"1790","Tours",3
"1791","Autre",142
"1791","Bordeaux",5
"1791","Bruxelles",6
"1791","Lille",2
"1791","Lyon",6
"1791","N/A",364
"1791","Paris",621
"1791","Rouen",8
"1791","Toulouse",3
"1792","Autre",96
"1792","Bordeaux",1
"1792","Lille",2
"1792","Lyon",9
"1792","N/A",225
"1792","Paris",582
"1792","Rouen",1
"1792","Toulouse",8
"1793","Autre",184
"1793","Bordeaux",9
"1793","Bruxelles",3
"1793","Lille",3
"1793","Lyon",14
"1793","Montpellier",3
"1793","N/A",286
"1793","Paris",643
"1793","Rouen",11
"1793","Toulouse",22
"1793","Tours",1
"1794","Autre",148
"1794","Bordeaux",4
"1794","Bruxelles",3
"1794","Lille",4
"1794","Lyon",2
"1794","Montpellier",2
"1794","N/A",168
"1794","Paris",445
"1794","Rouen",3
"1794","Toulouse",10
"1794","Tours",5
"1795","Autre",105
"1795","Bordeaux",2
"1795","Bruxelles",8
"1795","Lyon",2
"1795","N/A",176
"1795","Paris",304
"1795","Toulouse",3
"1795","Tours",1
"1796","Autre",97
"1796","Bordeaux",1
"1796","Bruxelles",3
"1796","Lille",2
"1796","Lyon",2
"1796","Montpellier",1
"1796","N/A",120
"1796","Paris",272
"1796","Rouen",1
"1796","Toulouse",1
"1797","Autre",120
"1797","Bordeaux",2
"1797","Bruxelles",3
"1797","Lyon",4
"1797","Montpellier",4
"1797","N/A",140
"1797","Paris",577
"1797","Rouen",3
"1797","Toulouse",6
"1798","Autre",86
"1798","Bordeaux",1
"1798","Bruxelles",2
"1798","Lille",1
"1798","Lyon",13
"1798","N/A",125
"1798","Paris",552
"1798","Rouen",5
"1798","Toulouse",8
"1798","Tours",1
"1799","Autre",83
"1799","Bordeaux",3
"1799","Lyon",1
"1799","Montpellier",1
"1799","N/A",134
"1799","Paris",535
"1799","Rouen",2
"1799","Toulouse",9
"1800","Autre",52
"1800","Bordeaux",1
"1800","Bruxelles",2
"1800","Lyon",3
"1800","N/A",94
"1800","Paris",353
"1800","Rouen",2
"1800","Toulouse",4
"1801","Autre",62
"1801","Bordeaux",4
"1801","Bruxelles",6
"1801","Lyon",3
"1801","N/A",81
"1801","Paris",445
"1801","Rouen",4
"1801","Toulouse",2
"1802","Autre",100
"1802","Bruxelles",2
"1802","Lille",2
"1802","Lyon",4
"1802","Montpellier",1
"1802","N/A",85
"1802","Paris",501
"1802","Rouen",3
"1802","Toulouse",1
"1802","Tours",3
"1803","Autre",70
"1803","Bordeaux",3
"1803","Bruxelles",5
"1803","Lille",1
"1803","Lyon",5
"1803","Montpellier",1
"1803","N/A",56
"1803","Paris",508
"1803","Rouen",2
"1803","Toulouse",4
"1803","Tours",1
"1804","Autre",62
"1804","Bordeaux",2
"1804","Bruxelles",1
"1804","Lyon",17
"1804","Montpellier",3
"1804","N/A",133
"1804","Paris",363
"1804","Toulouse",2
"1805","Autre",78
"1805","Bordeaux",1
"1805","Lille",3
"1805","Lyon",4
"1805","Montpellier",5
"1805","N/A",64
"1805","Paris",290
"1805","Rouen",2
"1805","Toulouse",5
"1805","Tours",1
"1806","Autre",72
"1806","Bordeaux",2
"1806","Bruxelles",2
"1806","Lyon",4
"1806","Montpellier",2
"1806","N/A",62
"1806","Paris",371
"1806","Rouen",1
"1806","Toulouse",3
"1807","Autre",95
"1807","Bordeaux",1
"1807","Lille",1
"1807","Lyon",2
"1807","Montpellier",3
"1807","N/A",46
"1807","Paris",299
"1808","Autre",48
"1808","Bordeaux",1
"1808","Lille",2
"1808","Lyon",3
"1808","Montpellier",2
"1808","N/A",67
"1808","Paris",294
"1808","Rouen",1
"1808","Toulouse",1
"1809","Autre",39
"1809","Bordeaux",1
"1809","Bruxelles",5
"1809","Lyon",6
"1809","Montpellier",1
"1809","N/A",35
"1809","Paris",224
"1809","Toulouse",1
"1809","Tours",1
"1810","Autre",76
"1810","Bordeaux",5
"1810","Lille",1
"1810","Lyon",10
"1810","Montpellier",2
"1810","N/A",89
"1810","Paris",323
"1810","Rouen",1
"1810","Toulouse",1
"1811","Autre",94
"1811","Bordeaux",8
"1811","Bruxelles",2
"1811","Lille",2
"1811","Lyon",13
"1811","Montpellier",2
"1811","N/A",42
"1811","Paris",428
"1811","Toulouse",4
"1812","Autre",67
"1812","Bordeaux",2
"1812","Bruxelles",5
"1812","Lille",1
"1812","Lyon",6
"1812","Montpellier",2
"1812","N/A",36
"1812","Paris",471
"1812","Rouen",3
"1812","Tours",1
"1813","Autre",54
"1813","Bordeaux",2
"1813","Bruxelles",1
"1813","Lille",5
"1813","Lyon",7
"1813","Montpellier",2
"1813","N/A",118
"1813","Paris",367
"1813","Rouen",5
"1813","Toulouse",2
"1814","Autre",75
"1814","Bordeaux",3
"1814","Bruxelles",2
"1814","Lille",3
"1814","Lyon",8
"1814","Montpellier",4
"1814","N/A",123
"1814","Paris",733
"1814","Rouen",9
"1814","Toulouse",7
"1814","Tours",1
"1815","Autre",162
"1815","Bordeaux",3
"1815","Bruxelles",9
"1815","Lille",3
"1815","Lyon",26
"1815","Montpellier",11
"1815","N/A",103
"1815","Paris",892
"1815","Rouen",8
"1815","Toulouse",11
"1816","Autre",229
"1816","Bordeaux",10
"1816","Bruxelles",3
"1816","Lille",4
"1816","Lyon",19
"1816","Montpellier",4
"1816","N/A",60
"1816","Paris",674
"1816","Rouen",5
"1816","Toulouse",3
"1816","Tours",2
"1817","Autre",133
"1817","Bordeaux",10
"1817","Bruxelles",6
"1817","Lille",4
"1817","Lyon",13
"1817","Montpellier",3
"1817","N/A",78
"1817","Paris",746
"1817","Rouen",8
"1817","Toulouse",9
"1817","Tours",3
"1818","Autre",138
"1818","Bordeaux",7
"1818","Bruxelles",4
"1818","Lille",3
"1818","Lyon",22
"1818","Montpellier",12
"1818","N/A",81
"1818","Paris",887
"1818","Rouen",1
"1818","Toulouse",19
"1818","Tours",1
"1819","Autre",106
"1819","Bordeaux",8
"1819","Bruxelles",7
"1819","Lille",2
"1819","Lyon",24
"1819","Montpellier",8
"1819","N/A",66
"1819","Paris",829
"1819","Rouen",3
"1819","Toulouse",11
"1820","Autre",127
"1820","Bordeaux",5
"1820","Bruxelles",2
"1820","Lille",5
"1820","Lyon",7
"1820","Montpellier",11
"1820","N/A",75
"1820","Paris",1021
"1820","Rouen",1
"1820","Toulouse",6
"1820","Tours",3
"1821","Autre",111
"1821","Bordeaux",10
"1821","Bruxelles",3
"1821","Lille",2
"1821","Lyon",9
"1821","Montpellier",7
"1821","N/A",144
"1821","Paris",1221
"1821","Rouen",2
"1821","Toulouse",12
"1822","Autre",114
"1822","Bordeaux",1
"1822","Bruxelles",7
"1822","Lille",7
"1822","Lyon",19
"1822","Montpellier",2
"1822","N/A",98
"1822","Paris",962
"1822","Rouen",3
"1822","Toulouse",7
"1823","Autre",113
"1823","Bordeaux",7
"1823","Bruxelles",2
"1823","Lille",3
"1823","Lyon",19
"1823","Montpellier",6
"1823","N/A",70
"1823","Paris",1024
"1823","Toulouse",4
"1824","Autre",140
"1824","Bordeaux",11
"1824","Lille",4
"1824","Lyon",19
"1824","Montpellier",4
"1824","N/A",84
"1824","Paris",1264
"1824","Rouen",8
"1824","Toulouse",9
"1824","Tours",1
"1825","Autre",108
"1825","Bordeaux",3
"1825","Bruxelles",5
"1825","Lille",1
"1825","Lyon",15
"1825","Montpellier",4
"1825","N/A",85
"1825","Paris",1266
"1825","Rouen",4
"1825","Toulouse",9
"1825","Tours",1
"1826","Autre",144
"1826","Bordeaux",9
"1826","Bruxelles",2
"1826","Lille",6
"1826","Lyon",13
"1826","Montpellier",4
"1826","N/A",88
"1826","Paris",1126
"1826","Rouen",8
"1826","Toulouse",11
"1827","Autre",153
"1827","Bordeaux",7
"1827","Bruxelles",5
"1827","Lille",7
"1827","Lyon",29
"1827","Montpellier",3
"1827","N/A",73
"1827","Paris",1034
"1827","Rouen",3
"1827","Toulouse",15
"1827","Tours",1
"1828","Autre",183
"1828","Bordeaux",12
"1828","Bruxelles",10
"1828","Lille",4
"1828","Lyon",25
"1828","Montpellier",5
"1828","N/A",95
"1828","Paris",1109
"1828","Rouen",5
"1828","Toulouse",8
"1828","Tours",5
"1829","Autre",158
"1829","Bordeaux",14
"1829","Bruxelles",9
"1829","Lille",10
"1829","Lyon",30
"1829","Montpellier",10
"1829","N/A",150
"1829","Paris",1197
"1829","Rouen",8
"1829","Toulouse",5
"1829","Tours",1
"1830","Autre",214
"1830","Bordeaux",4
"1830","Bruxelles",4
"1830","Lille",11
"1830","Lyon",49
"1830","Montpellier",8
"1830","N/A",66
"1830","Paris",1407
"1830","Rouen",7
"1830","Toulouse",8
"1830","Tours",5
"1831","Autre",187
"1831","Bordeaux",13
"1831","Lille",7
"1831","Lyon",56
"1831","Montpellier",4
"1831","N/A",53
"1831","Paris",1132
"1831","Rouen",4
"1831","Toulouse",11
"1831","Tours",1
"1832","Autre",221
"1832","Bordeaux",11
"1832","Bruxelles",19
"1832","Lille",7
"1832","Lyon",63
"1832","Montpellier",5
"1832","N/A",42
"1832","Paris",1018
"1832","Rouen",8
"1832","Toulouse",9
"1832","Tours",1
"1833","Autre",159
"1833","Bordeaux",8
"1833","Bruxelles",5
"1833","Lille",9
"1833","Lyon",44
"1833","Montpellier",7
"1833","N/A",31
"1833","Paris",1117
"1833","Rouen",3
"1833","Toulouse",7
"1833","Tours",2
"1834","Autre",181
"1834","Bordeaux",6
"1834","Bruxelles",3
"1834","Lille",4
"1834","Lyon",43
"1834","Montpellier",6
"1834","N/A",30
"1834","Paris",1189
"1834","Rouen",9
"1834","Toulouse",14
"1834","Tours",1
"1835","Autre",165
"1835","Bordeaux",8
"1835","Bruxelles",13
"1835","Lille",6
"1835","Lyon",31
"1835","Montpellier",4
"1835","N/A",36
"1835","Paris",998
"1835","Rouen",8
"1835","Toulouse",42
"1835","Tours",3
"1836","Autre",197
"1836","Bordeaux",10
"1836","Bruxelles",6
"1836","Lille",4
"1836","Lyon",38
"1836","Montpellier",8
"1836","N/A",33
"1836","Paris",1065
"1836","Rouen",15
"1836","Toulouse",8
"1836","Tours",1
"1837","Autre",212
"1837","Bordeaux",8
"1837","Bruxelles",26
"1837","Lille",3
"1837","Lyon",23
"1837","Montpellier",12
"1837","N/A",37
"1837","Paris",1032
"1837","Rouen",12
"1837","Toulouse",7
"1837","Tours",2
"1838","Autre",219
"1838","Bordeaux",16
"1838","Bruxelles",14
"1838","Lille",3
"1838","Lyon",46
"1838","Montpellier",6
"1838","N/A",42
"1838","Paris",1261
"1838","Rouen",6
"1838","Toulouse",14
"1838","Tours",3
"1839","Autre",305
"1839","Bordeaux",8
"1839","Bruxelles",8
"1839","Lille",6
"1839","Lyon",27
"1839","Montpellier",6
"1839","N/A",31
"1839","Paris",1227
"1839","Rouen",12
"1839","Toulouse",10
"1839","Tours",10
"1840","Autre",237
"1840","Bordeaux",13
"1840","Bruxelles",15
"1840","Lille",14
"1840","Lyon",34
"1840","Montpellier",7
"1840","N/A",57
"1840","Paris",1252
"1840","Rouen",22
"1840","Toulouse",25
"1840","Tours",9
"1841","Autre",372
"1841","Bordeaux",8
"1841","Bruxelles",18
"1841","Lille",16
"1841","Lyon",41
"1841","Montpellier",8
"1841","N/A",40
"1841","Paris",1210
"1841","Rouen",9
"1841","Toulouse",13
"1841","Tours",6
"1842","Autre",344
"1842","Bordeaux",26
"1842","Bruxelles",20
"1842","Lille",13
"1842","Lyon",36
"1842","Montpellier",5
"1842","N/A",111
"1842","Paris",1299
"1842","Rouen",10
"1842","Toulouse",7
"1842","Tours",8
"1843","Autre",352
"1843","Bordeaux",25
"1843","Bruxelles",14
"1843","Lille",10
"1843","Lyon",36
"1843","Montpellier",8
"1843","N/A",52
"1843","Paris",1145
"1843","Rouen",14
"1843","Toulouse",13
"1843","Tours",13
"1844","Autre",322
"1844","Bordeaux",32
"1844","Bruxelles",30
"1844","Lille",17
"1844","Lyon",42
"1844","Montpellier",4
"1844","N/A",47
"1844","Paris",1309
"1844","Rouen",10
"1844","Toulouse",9
"1844","Tours",9
"1845","Autre",332
"1845","Bordeaux",29
"1845","Bruxelles",12
"1845","Lille",9
"1845","Lyon",39
"1845","Montpellier",5
"1845","N/A",58
"1845","Paris",1362
"1845","Rouen",21
"1845","Toulouse",11
"1845","Tours",18
"1846","Autre",376
"1846","Bordeaux",37
"1846","Bruxelles",21
"1846","Lille",11
"1846","Lyon",50
"1846","Montpellier",5
"1846","N/A",55
"1846","Paris",1125
"1846","Rouen",9
"1846","Toulouse",19
"1846","Tours",14
"1847","Autre",382
"1847","Bordeaux",13
"1847","Bruxelles",15
"1847","Lille",13
"1847","Lyon",44
"1847","Montpellier",8
"1847","N/A",47
"1847","Paris",1282
"1847","Rouen",16
"1847","Toulouse",25
"1847","Tours",5
"1848","Autre",652
"1848","Bordeaux",33
"1848","Bruxelles",19
"1848","Lille",10
"1848","Lyon",71
"1848","Montpellier",6
"1848","N/A",103
"1848","Paris",1715
"1848","Rouen",14
"1848","Toulouse",17
"1848","Tours",8
"1849","Autre",475
"1849","Bordeaux",33
"1849","Bruxelles",30
"1849","Lille",10
"1849","Lyon",47
"1849","Montpellier",5
"1849","N/A",51
"1849","Paris",1164
"1849","Rouen",13
"1849","Toulouse",17
"1849","Tours",2
"1850","Autre",451
"1850","Bordeaux",42
"1850","Bruxelles",26
"1850","Lille",19
"1850","Lyon",37
"1850","Montpellier",13
"1850","N/A",71
"1850","Paris",1242
"1850","Rouen",9
"1850","Toulouse",18
"1850","Tours",14
"1851","Autre",457
"1851","Bordeaux",29
"1851","Bruxelles",17
"1851","Lille",20
"1851","Lyon",24
"1851","Montpellier",14
"1851","N/A",61
"1851","Paris",1204
"1851","Rouen",18
"1851","Toulouse",30
"1851","Tours",27
"1852","Autre",427
"1852","Bordeaux",45
"1852","Bruxelles",46
"1852","Lille",23
"1852","Lyon",34
"1852","Montpellier",17
"1852","N/A",57
"1852","Paris",1248
"1852","Rouen",18
"1852","Toulouse",23
"1852","Tours",18
"1853","Autre",496
"1853","Bordeaux",36
"1853","Bruxelles",46
"1853","Lille",32
"1853","Lyon",55
"1853","Montpellier",16
"1853","N/A",66
"1853","Paris",1645
"1853","Rouen",18
"1853","Toulouse",23
"1853","Tours",16
"1854","Autre",508
"1854","Bordeaux",30
"1854","Bruxelles",33
"1854","Lille",44
"1854","Lyon",60
"1854","Montpellier",9
"1854","N/A",94
"1854","Paris",1609
"1854","Rouen",25
"1854","Toulouse",45
"1854","Tours",8
"1855","Autre",498
"1855","Bordeaux",34
"1855","Bruxelles",40
"1855","Lille",29
"1855","Lyon",69
"1855","Montpellier",17
"1855","N/A",51
"1855","Paris",1388
"1855","Rouen",14
"1855","Toulouse",49
"1855","Tours",19
"1856","Autre",555
"1856","Bordeaux",35
"1856","Bruxelles",33
"1856","Lille",21
"1856","Lyon",61
"1856","Montpellier",13
"1856","N/A",85
"1856","Paris",1493
"1856","Rouen",26
"1856","Toulouse",25
"1856","Tours",20
"1857","Autre",546
"1857","Bordeaux",40
"1857","Bruxelles",45
"1857","Lille",17
"1857","Lyon",40
"1857","Montpellier",17
"1857","N/A",78
"1857","Paris",1457
"1857","Rouen",14
"1857","Toulouse",17
"1857","Tours",23
"1858","Autre",550
"1858","Bordeaux",40
"1858","Bruxelles",37
"1858","Lille",31
"1858","Lyon",34
"1858","Montpellier",19
"1858","N/A",79
"1858","Paris",1544
"1858","Rouen",10
"1858","Toulouse",47
"1858","Tours",14
"1859","Autre",569
"1859","Bordeaux",36
"1859","Bruxelles",32
"1859","Lille",45
"1859","Lyon",70
"1859","Montpellier",28
"1859","N/A",137
"1859","Paris",1497
"1859","Rouen",13
"1859","Toulouse",39
"1859","Tours",12
"1860","Autre",671
"1860","Bordeaux",35
"1860","Bruxelles",43
"1860","Lille",51
"1860","Lyon",68
"1860","Montpellier",20
"1860","N/A",119
"1860","Paris",1748
"1860","Rouen",26
"1860","Toulouse",23
"1860","Tours",18
"1861","Autre",622
"1861","Bordeaux",36
"1861","Bruxelles",18
"1861","Lille",33
"1861","Lyon",47
"1861","Montpellier",25
"1861","N/A",112
"1861","Paris",1859
"1861","Rouen",13
"1861","Toulouse",46
"1861","Tours",20
"1862","Autre",611
"1862","Bordeaux",31
"1862","Bruxelles",18
"1862","Lille",48
"1862","Lyon",38
"1862","Montpellier",19
"1862","N/A",107
"1862","Paris",1899
"1862","Rouen",10
"1862","Toulouse",32
"1862","Tours",10
"1863","Autre",720
"1863","Bordeaux",39
"1863","Bruxelles",35
"1863","Lille",46
"1863","Lyon",64
"1863","Montpellier",7
"1863","N/A",90
"1863","Paris",1728
"1863","Rouen",35
"1863","Toulouse",31
"1863","Tours",20
"1864","Autre",575
"1864","Bordeaux",48
"1864","Bruxelles",9
"1864","Lille",27
"1864","Lyon",64
"1864","Montpellier",11
"1864","N/A",74
"1864","Paris",1789
"1864","Rouen",15
"1864","Toulouse",47
"1864","Tours",16
"1865","Autre",796
"1865","Bordeaux",58
"1865","Bruxelles",20
"1865","Lille",48
"1865","Lyon",67
"1865","Montpellier",15
"1865","N/A",82
"1865","Paris",1835
"1865","Rouen",31
"1865","Toulouse",30
"1865","Tours",20
"1866","Autre",868
"1866","Bordeaux",59
"1866","Bruxelles",18
"1866","Lille",28
"1866","Lyon",56
"1866","Montpellier",29
"1866","N/A",136
"1866","Paris",1821
"1866","Rouen",30
"1866","Toulouse",40
"1866","Tours",25
"1867","Autre",784
"1867","Bordeaux",53
"1867","Bruxelles",12
"1867","Lille",44
"1867","Lyon",66
"1867","Montpellier",29
"1867","N/A",165
"1867","Paris",2042
"1867","Rouen",30
"1867","Toulouse",48
"1867","Tours",13
"1868","Autre",849
"1868","Bordeaux",88
"1868","Bruxelles",15
"1868","Lille",39
"1868","Lyon",60
"1868","Montpellier",25
"1868","N/A",160
"1868","Paris",1835
"1868","Rouen",23
"1868","Toulouse",48
"1868","Tours",21
"1869","Autre",753
"1869","Bordeaux",50
"1869","Bruxelles",53
"1869","Lille",35
"1869","Lyon",57
"1869","Montpellier",17
"1869","N/A",126
"1869","Paris",1964
"1869","Rouen",33
"1869","Toulouse",37
"1869","Tours",20
"1870","Autre",684
"1870","Bordeaux",49
"1870","Bruxelles",32
"1870","Lille",34
"1870","Lyon",64
"1870","Montpellier",9
"1870","N/A",137
"1870","Paris",1543
"1870","Rouen",18
"1870","Toulouse",43
"1870","Tours",29
"1871","Autre",863
"1871","Bordeaux",71
"1871","Bruxelles",78
"1871","Lille",32
"1871","Lyon",126
"1871","Montpellier",25
"1871","N/A",80
"1871","Paris",1432
"1871","Rouen",22
"1871","Toulouse",51
"1871","Tours",22
"1872","Autre",745
"1872","Bordeaux",39
"1872","Bruxelles",24
"1872","Lille",23
"1872","Lyon",66
"1872","Montpellier",16
"1872","N/A",140
"1872","Paris",2045
"1872","Rouen",26
"1872","Toulouse",21
"1872","Tours",13
"1873","Autre",631
"1873","Bordeaux",31
"1873","Bruxelles",19
"1873","Lille",36
"1873","Lyon",63
"1873","Montpellier",21
"1873","N/A",166
"1873","Paris",1788
"1873","Rouen",19
"1873","Toulouse",25
"1873","Tours",22
"1874","Autre",670
"1874","Bordeaux",49
"1874","Bruxelles",16
"1874","Lille",31
"1874","Lyon",68
"1874","Montpellier",36
"1874","N/A",166
"1874","Paris",1860
"1874","Rouen",24
"1874","Toulouse",31
"1874","Tours",22
"1875","Autre",815
"1875","Bordeaux",47
"1875","Bruxelles",12
"1875","Lille",27
"1875","Lyon",75
"1875","Montpellier",30
"1875","N/A",181
"1875","Paris",1994
"1875","Rouen",25
"1875","Toulouse",25
"1875","Tours",27
"1876","Autre",752
"1876","Bordeaux",31
"1876","Bruxelles",13
"1876","Lille",35
"1876","Lyon",69
"1876","Montpellier",16
"1876","N/A",115
"1876","Paris",2029
"1876","Rouen",30
"1876","Toulouse",25
"1876","Tours",43
"1877","Autre",701
"1877","Bordeaux",40
"1877","Bruxelles",13
"1877","Lille",34
"1877","Lyon",49
"1877","Montpellier",27
"1877","N/A",147
"1877","Paris",2115
"1877","Rouen",15
"1877","Toulouse",29
"1877","Tours",80
"1878","Autre",725
"1878","Bordeaux",28
"1878","Bruxelles",19
"1878","Lille",36
"1878","Lyon",56
"1878","Montpellier",18
"1878","N/A",42
"1878","Paris",1945
"1878","Rouen",26
"1878","Toulouse",30
"1878","Tours",53
"1879","Autre",744
"1879","Bordeaux",51
"1879","Bruxelles",19
"1879","Lille",37
"1879","Lyon",89
"1879","Montpellier",13
"1879","N/A",75
"1879","Paris",2020
"1879","Rouen",15
"1879","Toulouse",32
"1879","Tours",27
"1880","Autre",735
"1880","Bordeaux",20
"1880","Bruxelles",36
"1880","Lille",32
"1880","Lyon",102
"1880","Montpellier",9
"1880","N/A",129
"1880","Paris",2037
"1880","Rouen",24
"1880","Toulouse",35
"1880","Tours",28
"1881","Autre",601
"1881","Bordeaux",25
"1881","Bruxelles",11
"1881","Lille",23
"1881","Lyon",97
"1881","Montpellier",11
"1881","N/A",190
"1881","Paris",1994
"1881","Rouen",29
"1881","Toulouse",14
"1881","Tours",21
"1882","Autre",533
"1882","Bordeaux",22
"1882","Bruxelles",20
"1882","Lille",31
"1882","Lyon",106
"1882","Montpellier",27
"1882","N/A",167
"1882","Paris",1792
"1882","Rouen",23
"1882","Toulouse",11
"1882","Tours",28
"1883","Autre",595
"1883","Bordeaux",14
"1883","Bruxelles",26
"1883","Lille",25
"1883","Lyon",93
"1883","Montpellier",19
"1883","N/A",197
"1883","Paris",1926
"1883","Rouen",28
"1883","Toulouse",8
"1883","Tours",23
"1884","Autre",606
"1884","Bordeaux",30
"1884","Bruxelles",19
"1884","Lille",40
"1884","Lyon",122
"1884","Montpellier",32
"1884","N/A",198
"1884","Paris",1842
"1884","Rouen",17
"1884","Toulouse",16
"1884","Tours",36
"1885","Autre",642
"1885","Bordeaux",17
"1885","Bruxelles",17
"1885","Lille",39
"1885","Lyon",115
"1885","Montpellier",22
"1885","N/A",184
"1885","Paris",1769
"1885","Rouen",20
"1885","Toulouse",17
"1885","Tours",35
"1886","Autre",630
"1886","Bordeaux",23
"1886","Bruxelles",21
"1886","Lille",31
"1886","Lyon",93
"1886","Montpellier",21
"1886","N/A",209
"1886","Paris",1817
"1886","Rouen",19
"1886","Toulouse",21
"1886","Tours",39
"1887","Autre",566
"1887","Bordeaux",26
"1887","Bruxelles",25
"1887","Lille",40
"1887","Lyon",101
"1887","Montpellier",30
"1887","N/A",214
"1887","Paris",1679
"1887","Rouen",18
"1887","Toulouse",9
"1887","Tours",27
"1888","Autre",620
"1888","Bordeaux",24
"1888","Bruxelles",60
"1888","Lille",37
"1888","Lyon",100
"1888","Montpellier",24
"1888","N/A",172
"1888","Paris",1854
"1888","Rouen",47
"1888","Toulouse",8
"1888","Tours",34
"1889","Autre",615
"1889","Bordeaux",40
"1889","Bruxelles",18
"1889","Lille",62
"1889","Lyon",71
"1889","Montpellier",18
"1889","N/A",220
"1889","Paris",2030
"1889","Rouen",31
"1889","Toulouse",15
"1889","Tours",22
"1890","Autre",584
"1890","Bordeaux",22
"1890","Bruxelles",8
"1890","Lille",48
"1890","Lyon",135
"1890","Montpellier",24
"1890","N/A",251
"1890","Paris",1740
"1890","Rouen",23
"1890","Toulouse",14
"1890","Tours",26
"1891","Autre",626
"1891","Bordeaux",19
"1891","Bruxelles",15
"1891","Lille",46
"1891","Lyon",88
"1891","Montpellier",29
"1891","N/A",221
"1891","Paris",1580
"1891","Rouen",25
"1891","Toulouse",14
"1891","Tours",18
"1892","Autre",572
"1892","Bordeaux",25
"1892","Bruxelles",6
"1892","Lille",32
"1892","Lyon",74
"1892","Montpellier",27
"1892","N/A",278
"1892","Paris",1617
"1892","Rouen",20
"1892","Toulouse",12
"1892","Tours",24
"1893","Autre",516
"1893","Bordeaux",26
"1893","Bruxelles",10
"1893","Lille",27
"1893","Lyon",54
"1893","Montpellier",21
"1893","N/A",241
"1893","Paris",1579
"1893","Rouen",13
"1893","Toulouse",11
"1893","Tours",31
"1894","Autre",546
"1894","Bordeaux",31
"1894","Bruxelles",25
"1894","Lille",31
"1894","Lyon",113
"1894","Montpellier",28
"1894","N/A",346
"1894","Paris",1643
"1894","Rouen",16
"1894","Toulouse",14
"1894","Tours",30
"1895","Autre",480
"1895","Bordeaux",29
"1895","Bruxelles",17
"1895","Lille",25
"1895","Lyon",66
"1895","Montpellier",38
"1895","N/A",240
"1895","Paris",1607
"1895","Rouen",12
"1895","Toulouse",16
"1895","Tours",20
"1896","Autre",577
"1896","Bordeaux",35
"1896","Bruxelles",12
"1896","Lille",39
"1896","Lyon",48
"1896","Montpellier",44
"1896","N/A",226
"1896","Paris",1561
"1896","Rouen",13
"1896","Toulouse",17
"1896","Tours",45
"1897","Autre",532
"1897","Bordeaux",35
"1897","Bruxelles",23
"1897","Lille",31
"1897","Lyon",83
"1897","Montpellier",34
"1897","N/A",214
"1897","Paris",1594
"1897","Rouen",22
"1897","Toulouse",14
"1897","Tours",37
"1898","Autre",515
"1898","Bordeaux",20
"1898","Bruxelles",9
"1898","Lille",23
"1898","Lyon",67
"1898","Montpellier",33
"1898","N/A",221
"1898","Paris",1632
"1898","Rouen",13
"1898","Toulouse",6
"1898","Tours",30
"1899","Autre",421
"1899","Bordeaux",17
"1899","Bruxelles",14
"1899","Lille",19
"1899","Lyon",91
"1899","Montpellier",46
"1899","N/A",225
"1899","Paris",1517
"1899","Rouen",3
"1899","Toulouse",13
"1899","Tours",27
"1900","Autre",543
"1900","Bordeaux",21
"1900","Bruxelles",10
"1900","Lille",28
"1900","Lyon",107
"1900","Montpellier",55
"1900","N/A",307
"1900","Paris",1735
"1900","Rouen",14
"1900","Toulouse",32
"1900","Tours",18
"1901","Autre",414
"1901","Bordeaux",8
"1901","Bruxelles",6
"1901","Lille",19
"1901","Lyon",74
"1901","Montpellier",50
"1901","N/A",232
"1901","Paris",1492
"1901","Rouen",11
"1901","Toulouse",17
"1901","Tours",31
"1902","Autre",390
"1902","Bordeaux",24
"1902","Bruxelles",12
"1902","Lille",25
"1902","Lyon",105
"1902","Montpellier",41
"1902","N/A",312
"1902","Paris",1385
"1902","Rouen",14
"1902","Toulouse",30
"1902","Tours",24
"1903","Autre",411
"1903","Bordeaux",22
"1903","Bruxelles",11
"1903","Lille",11
"1903","Lyon",73
"1903","Montpellier",39
"1903","N/A",358
"1903","Paris",1319
"1903","Rouen",14
"1903","Toulouse",17
"1903","Tours",13
"1904","Autre",401
"1904","Bordeaux",21
"1904","Bruxelles",3
"1904","Lille",17
"1904","Lyon",81
"1904","Montpellier",37
"1904","N/A",380
"1904","Paris",1292
"1904","Rouen",12
"1904","Toulouse",17
"1904","Tours",11
"1905","Autre",388
"1905","Bordeaux",19
"1905","Bruxelles",5
"1905","Lille",14
"1905","Lyon",61
"1905","Montpellier",30
"1905","N/A",363
"1905","Paris",1418
"1905","Rouen",12
"1905","Toulouse",14
"1905","Tours",9
"1906","Autre",395
"1906","Bordeaux",14
"1906","Bruxelles",12
"1906","Lille",16
"1906","Lyon",42
"1906","Montpellier",32
"1906","N/A",328
"1906","Paris",1328
"1906","Rouen",7
"1906","Toulouse",20
"1906","Tours",8
"1907","Autre",286
"1907","Bordeaux",20
"1907","Bruxelles",12
"1907","Lille",13
"1907","Lyon",39
"1907","Montpellier",28
"1907","N/A",347
"1907","Paris",1090
"1907","Rouen",6
"1907","Toulouse",20
"1907","Tours",14
"1908","Autre",317
"1908","Bordeaux",21
"1908","Bruxelles",16
"1908","Lille",10
"1908","Lyon",33
"1908","Montpellier",26
"1908","N/A",362
"1908","Paris",1164
"1908","Rouen",11
"1908","Toulouse",28
"1908","Tours",13
"1909","Autre",329
"1909","Bordeaux",21
"1909","Bruxelles",12
"1909","Lille",16
"1909","Lyon",30
"1909","Montpellier",11
"1909","N/A",440
"1909","Paris",1168
"1909","Rouen",7
"1909","Toulouse",8
"1909","Tours",20
"1910","Autre",321
"1910","Bordeaux",7
"1910","Bruxelles",25
"1910","Lille",15
"1910","Lyon",30
"1910","Montpellier",19
"1910","N/A",444
"1910","Paris",1238
"1910","Rouen",7
"1910","Toulouse",21
"1910","Tours",13
"1911","Autre",298
"1911","Bordeaux",7
"1911","Bruxelles",14
"1911","Lille",12
"1911","Lyon",20
"1911","Montpellier",17
"1911","N/A",503
"1911","Paris",1113
"1911","Rouen",10
"1911","Toulouse",12
"1911","Tours",15
"1912","Autre",344
"1912","Bordeaux",8
"1912","Bruxelles",12
"1912","Lille",8
"1912","Lyon",20
"1912","Montpellier",5
"1912","N/A",469
"1912","Paris",1107
"1912","Rouen",10
"1912","Toulouse",11
"1912","Tours",13
"1913","Autre",251
"1913","Bordeaux",14
"1913","Bruxelles",18
"1913","Lille",11
"1913","Lyon",14
"1913","Montpellier",5
"1913","N/A",508
"1913","Paris",1160
"1913","Rouen",8
"1913","Toulouse",15
"1913","Tours",20
"1914","Autre",214
"1914","Bordeaux",11
"1914","Bruxelles",11
"1914","Lille",4
"1914","Lyon",27
"1914","Montpellier",4
"1914","N/A",413
"1914","Paris",904
"1914","Rouen",6
"1914","Toulouse",12
"1914","Tours",15
"1915","Autre",110
"1915","Bordeaux",2
"1915","Lyon",22
"1915","Montpellier",1
"1915","N/A",72
"1915","Paris",514
"1915","Rouen",4
"1915","Toulouse",2
"1915","Tours",7
"1916","Autre",173
"1916","Bordeaux",8
"1916","Bruxelles",2
"1916","Lyon",10
"1916","Montpellier",3
"1916","N/A",90
"1916","Paris",554
"1916","Rouen",9
"1916","Toulouse",1
"1916","Tours",5
"1917","Autre",128
"1917","Bordeaux",9
"1917","Bruxelles",1
"1917","Lille",2
"1917","Lyon",10
"1917","Montpellier",2
"1917","N/A",80
"1917","Paris",620
"1917","Rouen",2
"1917","Toulouse",3
"1917","Tours",7
"1918","Autre",124
"1918","Bordeaux",8
"1918","Bruxelles",2
"1918","Lyon",10
"1918","Montpellier",1
"1918","N/A",68
"1918","Paris",603
"1918","Rouen",1
"1918","Toulouse",5
"1918","Tours",10
"1919","Autre",172
"1919","Bordeaux",7
"1919","Bruxelles",6
"1919","Lille",7
"1919","Lyon",11
"1919","Montpellier",4
"1919","N/A",89
"1919","Paris",655
"1919","Rouen",2
"1919","Toulouse",3
"1919","Tours",6
"1920","Autre",411
"1920","Bordeaux",9
"1920","Bruxelles",6
"1920","Lille",3
"1920","Lyon",21
"1920","Montpellier",8
"1920","N/A",132
"1920","Paris",712
"1920","Rouen",6
"1920","Toulouse",21
"1920","Tours",13
"1921","Autre",213
"1921","Bordeaux",6
"1921","Bruxelles",5
"1921","Lille",3
"1921","Lyon",22
"1921","Montpellier",3
"1921","N/A",71
"1921","Paris",541
"1921","Rouen",9
"1921","Toulouse",13
"1921","Tours",6
"1922","Autre",272
"1922","Bordeaux",8
"1922","Bruxelles",2
"1922","Lille",4
"1922","Lyon",10
"1922","Montpellier",7
"1922","N/A",114
"1922","Paris",561
"1922","Rouen",7
"1922","Toulouse",10
"1922","Tours",12
"1923","Autre",239
"1923","Bordeaux",16
"1923","Bruxelles",11
"1923","Lille",7
"1923","Lyon",14
"1923","Montpellier",5
"1923","N/A",100
"1923","Paris",515
"1923","Rouen",3
"1923","Toulouse",7
"1923","Tours",7
"1924","Autre",292
"1924","Bordeaux",5
"1924","Bruxelles",5
"1924","Lille",5
"1924","Lyon",6
"1924","Montpellier",2
"1924","N/A",81
"1924","Paris",456
"1924","Rouen",4
"1924","Toulouse",6
"1924","Tours",10
"1925","Autre",200
"1925","Bordeaux",5
"1925","Bruxelles",1
"1925","Lille",11
"1925","Lyon",13
"1925","Montpellier",2
"1925","N/A",84
"1925","Paris",633
"1925","Rouen",3
"1925","Toulouse",6
"1925","Tours",6
"1926","Autre",214
"1926","Bordeaux",10
"1926","Bruxelles",5
"1926","Lille",2
"1926","Lyon",17
"1926","N/A",96
"1926","Paris",648
"1926","Rouen",2
"1926","Toulouse",5
"1926","Tours",6
"1927","Autre",203
"1927","Bordeaux",7
"1927","Bruxelles",3
"1927","Lille",3
"1927","Lyon",17
"1927","Montpellier",2
"1927","N/A",75
"1927","Paris",596
"1927","Rouen",2
"1927","Toulouse",5
"1927","Tours",3
"1928","Autre",157
"1928","Bordeaux",5
"1928","Bruxelles",5
"1928","Lille",4
"1928","Lyon",12
"1928","N/A",106
"1928","Paris",700
"1928","Rouen",6
"1928","Toulouse",16
"1928","Tours",4
"1929","Autre",145
"1929","Bordeaux",1
"1929","Bruxelles",1
"1929","Lille",3
"1929","Lyon",11
"1929","Montpellier",1
"1929","N/A",68
"1929","Paris",547
"1929","Rouen",4
"1929","Toulouse",7
"1929","Tours",9
"1930","Autre",219
"1930","Bordeaux",3
"1930","Bruxelles",3
"1930","Lille",4
"1930","Lyon",17
"1930","Montpellier",3
"1930","N/A",99
"1930","Paris",594
"1930","Rouen",1
"1930","Toulouse",8
"1930","Tours",6
"1931","Autre",246
"1931","Bordeaux",3
"1931","Bruxelles",10
"1931","Lille",4
"1931","Lyon",14
"1931","N/A",133
"1931","Paris",618
"1931","Toulouse",9
"1931","Tours",5
"1932","Autre",129
"1932","Bordeaux",4
"1932","Bruxelles",2
"1932","Lille",3
"1932","Lyon",11
"1932","Montpellier",3
"1932","N/A",88
"1932","Paris",536
"1932","Rouen",1
"1932","Toulouse",1
"1932","Tours",4
"1933","Autre",143
"1933","Bordeaux",5
"1933","Bruxelles",1
"1933","Lille",2
"1933","Lyon",3
"1933","Montpellier",3
"1933","N/A",115
"1933","Paris",511
"1933","Rouen",4
"1933","Toulouse",2
"1933","Tours",8
"1934","Autre",173
"1934","Bordeaux",4
"1934","Lille",6
"1934","Lyon",6
"1934","N/A",90
"1934","Paris",596
"1934","Rouen",3
"1934","Toulouse",5
"1934","Tours",4
"1935","Autre",209
"1935","Bordeaux",15
"1935","Bruxelles",1
"1935","Lille",17
"1935","Lyon",32
"1935","Montpellier",13
"1935","N/A",114
"1935","Paris",715
"1935","Rouen",4
"1935","Toulouse",28
"1935","Tours",8
"1936","Autre",224
"1936","Bordeaux",18
"1936","Bruxelles",1
"1936","Lille",5
"1936","Lyon",33
"1936","Montpellier",17
"1936","N/A",135
"1936","Paris",693
"1936","Rouen",5
"1936","Toulouse",25
"1936","Tours",16
"1937","Autre",210
"1937","Bordeaux",4
"1937","Lille",2
"1937","Lyon",6
"1937","Montpellier",2
"1937","N/A",228
"1937","Paris",654
"1937","Rouen",8
"1937","Toulouse",5
"1937","Tours",16
"1938","Autre",165
"1938","Bordeaux",4
"1938","Bruxelles",3
"1938","Lille",3
"1938","Lyon",8
"1938","Montpellier",1
"1938","N/A",281
"1938","Paris",612
"1938","Rouen",4
"1938","Toulouse",3
"1938","Tours",7
"1939","Autre",92
"1939","Bordeaux",4
"1939","Lyon",4
"1939","Montpellier",4
"1939","N/A",109
"1939","Paris",436
"1939","Toulouse",5
"1939","Tours",8
"1940","Autre",42
"1940","Bordeaux",1
"1940","Lyon",5
"1940","Montpellier",1
"1940","N/A",26
"1940","Paris",153
"1940","Toulouse",3
"1940","Tours",6
"1941","Autre",49
"1941","Lille",1
"1941","Lyon",3
"1941","N/A",19
"1941","Paris",207
"1941","Toulouse",9
"1942","Autre",48
"1942","Bordeaux",1
"1942","Lyon",10
"1942","Montpellier",1
"1942","N/A",29
"1942","Paris",161
"1942","Rouen",1
"1942","Toulouse",2
"1942","Tours",2
"1943","Autre",61
"1943","Bordeaux",2
"1943","Bruxelles",1
"1943","Lille",5
"1943","Lyon",15
"1943","Montpellier",1
"1943","N/A",38
"1943","Paris",163
"1943","Rouen",1
"1943","Toulouse",1
"1943","Tours",2
"1944","Autre",70
"1944","Lille",9
"1944","Lyon",16
"1944","Montpellier",1
"1944","N/A",35
"1944","Paris",126
"1944","Toulouse",12
"1944","Tours",1
"1945","Autre",90
"1945","Bordeaux",2
"1945","Lille",5
"1945","Lyon",16
"1945","N/A",64
"1945","Paris",288
"1945","Toulouse",5
"1945","Tours",2
"1946","Autre",116
"1946","Lille",2
"1946","Lyon",16
"1946","Montpellier",1
"1946","N/A",83
"1946","Paris",461
"1946","Rouen",1
"1946","Toulouse",4
"1946","Tours",3
"1947","Autre",166
"1947","Bordeaux",7
"1947","Lille",12
"1947","Lyon",8
"1947","Montpellier",1
"1947","N/A",115
"1947","Paris",463
"1947","Rouen",8
"1947","Toulouse",16
"1947","Tours",5
"1948","Autre",131
"1948","Bordeaux",2
"1948","Lille",9
"1948","Lyon",6
"1948","Montpellier",2
"1948","N/A",154
"1948","Paris",434
"1948","Rouen",3
"1948","Toulouse",14
"1948","Tours",11
"1949","Autre",101
"1949","Bordeaux",9
"1949","Lille",10
"1949","Lyon",4
"1949","Montpellier",3
"1949","N/A",155
"1949","Paris",450
"1949","Toulouse",10
"1949","Tours",2
"1950","Autre",117
"1950","Lille",2
"1950","Lyon",1
"1950","N/A",108
"1950","Paris",542
"1950","Rouen",1
"1950","Toulouse",7
"1950","Tours",2
"1951","Autre",87
"1951","Bordeaux",2
"1951","Lyon",11
"1951","Montpellier",1
"1951","N/A",114
"1951","Paris",449
"1951","Toulouse",10
"1951","Tours",3
"1952","Autre",99
"1952","Bordeaux",4
"1952","Lille",1
"1952","Lyon",27
"1952","Montpellier",1
"1952","N/A",142
"1952","Paris",451
"1952","Rouen",2
"1952","Toulouse",4
"1952","Tours",3
"1953","Autre",109
"1953","Bordeaux",4
"1953","Lille",2
"1953","Lyon",20
"1953","Montpellier",1
"1953","N/A",127
"1953","Paris",502
"1953","Rouen",1
"1953","Toulouse",9
"1953","Tours",2
"1954","Autre",127
"1954","Bordeaux",3
"1954","Lille",1
"1954","Lyon",19
"1954","Montpellier",2
"1954","N/A",147
"1954","Paris",627
"1954","Rouen",1
"1954","Toulouse",7
"1954","Tours",2
"1955","Autre",103
"1955","Bordeaux",3
"1955","Bruxelles",1
"1955","Lille",4
"1955","Lyon",18
"1955","Montpellier",1
"1955","N/A",186
"1955","Paris",573
"1955","Toulouse",4
"1955","Tours",1
"1956","Autre",90
"1956","Bordeaux",4
"1956","Lyon",17
"1956","Montpellier",2
"1956","N/A",127
"1956","Paris",565
"1956","Rouen",3
"1956","Toulouse",7
"1956","Tours",1
"1957","Autre",141
"1957","Bordeaux",1
"1957","Lille",2
"1957","Lyon",23
"1957","Montpellier",1
"1957","N/A",177
"1957","Paris",676
"1957","Toulouse",4
"1957","Tours",1
"1958","Autre",118
"1958","Bordeaux",4
"1958","Bruxelles",1
"1958","Lille",2
"1958","Lyon",49
"1958","Montpellier",1
"1958","N/A",221
"1958","Paris",682
"1958","Toulouse",8
"1958","Tours",3
"1959","Autre",212
"1959","Bordeaux",11
"1959","Bruxelles",1
"1959","Lille",2
"1959","Lyon",17
"1959","Montpellier",2
"1959","N/A",90
"1959","Paris",801
"1959","Rouen",2
"1959","Toulouse",5
"1959","Tours",2
"1960","Autre",172
"1960","Bordeaux",19
"1960","Lille",1
"1960","Lyon",27
"1960","Montpellier",7
"1960","N/A",12
"1960","Paris",1024
"1960","Toulouse",3
"1960","Tours",3
"1961","Autre",158
"1961","Bordeaux",8
"1961","Lille",1
"1961","Lyon",23
"1961","Montpellier",2
"1961","N/A",13
"1961","Paris",1058
"1961","Rouen",2
"1961","Toulouse",4
"1961","Tours",7
"1962","Autre",185
"1962","Bordeaux",2
"1962","Lille",1
"1962","Lyon",14
"1962","Montpellier",6
"1962","N/A",8
"1962","Paris",975
"1962","Toulouse",5
"1962","Tours",1
"1963","Autre",213
"1963","Bordeaux",1
"1963","Lille",1
"1963","Lyon",15
"1963","Montpellier",4
"1963","N/A",4
"1963","Paris",894
"1963","Rouen",2
"1963","Toulouse",4
"1963","Tours",4
"1964","Autre",183
"1964","Bordeaux",5
"1964","Lille",1
"1964","Lyon",14
"1964","Montpellier",6
"1964","N/A",9
"1964","Paris",935
"1964","Rouen",1
"1964","Toulouse",6
"1964","Tours",4
"1965","Autre",185
"1965","Bordeaux",3
"1965","Lille",2
"1965","Lyon",6
"1965","Montpellier",2
"1965","N/A",2
"1965","Paris",692
"1965","Toulouse",7
"1965","Tours",1
"1966","Autre",180
"1966","Bordeaux",7
"1966","Lyon",4
"1966","Montpellier",1
"1966","N/A",4
"1966","Paris",776
"1966","Rouen",1
"1966","Toulouse",8
"1966","Tours",2
"1967","Autre",124
"1967","Bordeaux",1
"1967","Lyon",5
"1967","Montpellier",2
"1967","N/A",2
"1967","Paris",852
"1967","Rouen",2
"1967","Toulouse",8
"1967","Tours",4
"1968","Autre",120
"1968","Bordeaux",3
"1968","Bruxelles",1
"1968","Lyon",7
"1968","Montpellier",2
"1968","N/A",13
"1968","Paris",932
"1968","Toulouse",13
"1968","Tours",2
"1969","Autre",88
"1969","Bordeaux",1
"1969","Lille",2
"1969","Lyon",2
"1969","Montpellier",1
"1969","N/A",8
"1969","Paris",884
"1969","Toulouse",15
"1969","Tours",3
"1970","Autre",63
"1970","Bordeaux",1
"1970","Bruxelles",5
"1970","N/A",7
"1970","Paris",703
"1970","Rouen",1
"1970","Toulouse",2
"1970","Tours",3
"1971","Autre",39
"1971","Bordeaux",2
"1971","Lille",1
"1971","N/A",2
"1971","Paris",643
"1971","Toulouse",3
"1972","Autre",53
"1972","Bruxelles",1
"1972","Lyon",1
"1972","N/A",5
"1972","Paris",717
"1972","Toulouse",1
"1973","Autre",74
"1973","Bordeaux",1
"1973","Bruxelles",3
"1973","Lille",1
"1973","Lyon",2
"1973","N/A",2
"1973","Paris",760
"1974","Autre",126
"1974","Bordeaux",4
"1974","Bruxelles",1
"1974","Lille",8
"1974","Lyon",3
"1974","Montpellier",2
"1974","N/A",1
"1974","Paris",912
"1974","Toulouse",1
"1974","Tours",2
"1975","Autre",149
"1975","Bordeaux",1
"1975","Lille",14
"1975","Lyon",2
"1975","N/A",3
"1975","Paris",959
"1975","Toulouse",4
"1975","Tours",1
"1976","Autre",202
"1976","Bordeaux",1
"1976","Bruxelles",4
"1976","Lille",19
"1976","Lyon",3
"1976","Montpellier",5
"1976","N/A",5
"1976","Paris",1058
"1976","Rouen",1
"1976","Toulouse",7
"1976","Tours",1
"1977","Autre",246
"1977","Lille",11
"1977","Lyon",13
"1977","Montpellier",1
"1977","N/A",7
"1977","Paris",1267
"1977","Toulouse",5
"1978","Autre",222
"1978","Bordeaux",1
"1978","Bruxelles",4
"1978","Lille",23
"1978","Lyon",21
"1978","Montpellier",1
"1978","N/A",8
"1978","Paris",1247
"1978","Toulouse",8
"1978","Tours",2
"1979","Autre",273
"1979","Bordeaux",1
"1979","Bruxelles",3
"1979","Lille",15
"1979","Lyon",16
"1979","Montpellier",3
"1979","N/A",16
"1979","Paris",1290
"1979","Rouen",3
"1979","Toulouse",7
"1980","Autre",254
"1980","Bordeaux",5
"1980","Bruxelles",3
"1980","Lille",14
"1980","Lyon",12
"1980","Montpellier",1
"1980","N/A",10
"1980","Paris",1430
"1980","Rouen",2
"1980","Toulouse",8
"1981","Autre",268
"1981","Bordeaux",2
"1981","Bruxelles",5
"1981","Lille",7
"1981","Lyon",23
"1981","N/A",3
"1981","Paris",1473
"1981","Toulouse",4
"1981","Tours",1
"1982","Autre",312
"1982","Bordeaux",8
"1982","Bruxelles",4
"1982","Lille",6
"1982","Lyon",15
"1982","Montpellier",2
"1982","N/A",4
"1982","Paris",1431
"1982","Toulouse",3
"1983","Autre",333
"1983","Bordeaux",1
"1983","Bruxelles",2
"1983","Lille",7
"1983","Lyon",19
"1983","Montpellier",1
"1983","N/A",11
"1983","Paris",1396
"1983","Rouen",2
"1983","Toulouse",4
"1984","Autre",351
"1984","Bordeaux",1
"1984","Bruxelles",2
"1984","Lille",8
"1984","Lyon",19
"1984","N/A",14
"1984","Paris",1448
"1984","Rouen",1
"1984","Toulouse",12
"1985","Autre",389
"1985","Bordeaux",5
"1985","Bruxelles",2
"1985","Lille",1
"1985","Lyon",18
"1985","Montpellier",4
"1985","N/A",7
"1985","Paris",1554
"1985","Rouen",2
"1985","Toulouse",8
"1985","Tours",1
"1986","Autre",372
"1986","Bordeaux",2
"1986","Lille",2
"1986","Lyon",20
"1986","Montpellier",8
"1986","N/A",5
"1986","Paris",1479
"1986","Rouen",1
"1986","Toulouse",11
"1986","Tours",5
"1987","Autre",426
"1987","Bordeaux",5
"1987","Bruxelles",3
"1987","Lille",6
"1987","Lyon",30
"1987","Montpellier",4
"1987","N/A",5
"1987","Paris",1559
"1987","Toulouse",12
"1987","Tours",6
"1988","Autre",423
"1988","Bordeaux",1
"1988","Bruxelles",1
"1988","Lille",3
"1988","Lyon",23
"1988","Montpellier",7
"1988","N/A",2
"1988","Paris",1519
"1988","Rouen",1
"1988","Toulouse",11
"1988","Tours",1
"1989","Autre",440
"1989","Bordeaux",5
"1989","Bruxelles",5
"1989","Lille",6
"1989","Lyon",17
"1989","Montpellier",10
"1989","N/A",2
"1989","Paris",1477
"1989","Rouen",2
"1989","Toulouse",16
"1989","Tours",1
"1990","Autre",475
"1990","Bordeaux",5
"1990","Bruxelles",8
"1990","Lille",8
"1990","Lyon",20
"1990","Montpellier",2
"1990","N/A",5
"1990","Paris",1499
"1990","Toulouse",15
"1990","Tours",3
"1991","Autre",484
"1991","Bordeaux",4
"1991","Bruxelles",2
"1991","Lille",8
"1991","Lyon",15
"1991","Montpellier",2
"1991","N/A",5
"1991","Paris",1422
"1991","Rouen",1
"1991","Toulouse",13
"1991","Tours",4
"1992","Autre",519
"1992","Bordeaux",2
"1992","Bruxelles",11
"1992","Lille",14
"1992","Lyon",23
"1992","Montpellier",11
"1992","N/A",5
"1992","Paris",1516
"1992","Rouen",3
"1992","Toulouse",12
"1992","Tours",1
"1993","Autre",528
"1993","Bordeaux",6
"1993","Bruxelles",7
"1993","Lille",7
"1993","Lyon",34
"1993","Montpellier",9
"1993","N/A",2
"1993","Paris",1431
"1993","Rouen",2
"1993","Toulouse",15
"1993","Tours",2
"1994","Autre",590
"1994","Bordeaux",8
"1994","Bruxelles",4
"1994","Lille",11
"1994","Lyon",45
"1994","Montpellier",7
"1994","N/A",1
"1994","Paris",1309
"1994","Rouen",2
"1994","Toulouse",7
"1994","Tours",3
"1995","Autre",565
"1995","Bordeaux",12
"1995","Bruxelles",2
"1995","Lille",5
"1995","Lyon",16
"1995","Montpellier",11
"1995","N/A",4
"1995","Paris",1406
"1995","Toulouse",14
"1995","Tours",2
"1996","Autre",575
"1996","Bordeaux",7
"1996","Lille",6
"1996","Lyon",26
"1996","Montpellier",8
"1996","Paris",1377
"1996","Rouen",2
"1996","Toulouse",7
"1997","Autre",618
"1997","Bordeaux",9
"1997","Bruxelles",4
"1997","Lille",4
"1997","Lyon",7
"1997","Montpellier",10
"1997","N/A",1
"1997","Paris",1640
"1997","Rouen",2
"1997","Toulouse",10
"1998","Autre",500
"1998","Bordeaux",3
"1998","Bruxelles",1
"1998","Lyon",9
"1998","Montpellier",4
"1998","Paris",1429
"1998","Rouen",1
"1998","Toulouse",7
"1999","Autre",527
"1999","Bordeaux",3
"1999","Lille",2
"1999","Lyon",8
"1999","Montpellier",6
"1999","N/A",1
"1999","Paris",1253
"1999","Toulouse",2
"1999","Tours",2
"2000","Autre",491
"2000","Bordeaux",3
"2000","Bruxelles",2
"2000","Lille",3
"2000","Lyon",8
"2000","Montpellier",4
"2000","Paris",1303
"2000","Rouen",2
"2000","Toulouse",4
"2000","Tours",1
"2001","Autre",36
"2001","Lyon",2
"2001","N/A",5
"2001","Paris",77
"2001","Tours",1
"2002","Autre",32
"2002","Bordeaux",1
"2002","Lille",1
"2002","Paris",62
"2002","Toulouse",1
"2003","Autre",28
"2003","Paris",46
"2004","Autre",16
"2004","Bruxelles",1
"2004","N/A",1
"2004","Paris",42
"2005","Autre",24
"2005","Lyon",2
"2005","Montpellier",1
"2005","N/A",1
"2005","Paris",44
"2005","Rouen",1
"2005","Tours",1
"2006","Autre",24
"2006","N/A",1
"2006","Paris",32
"2006","Toulouse",1
"2007","Autre",17
"2007","Bordeaux",1
"2007","N/A",1
"2007","Paris",21
"2007","Toulouse",1
"2008","Autre",15
"2008","Paris",19
"2008","Toulouse",1
"2009","Autre",15
"2009","N/A",1
"2009","Paris",15
"2009","Rouen",1
"2010","Autre",11
"2010","Lille",1
"2010","N/A",1
"2010","Paris",15
"2011","Autre",8
"2011","N/A",1
"2011","Paris",12
"2012","Autre",13
"2012","Lille",1
"2012","Lyon",1
"2012","Paris",9
"2013","Autre",4
"2013","Paris",6
"2014","Autre",4
"2014","N/A",1
"2014","Paris",4
"2015","Autre",2
"2015","N/A",1
"2015","Paris",1
"2016","Paris",4
